district,city,province
Kandy,Aludeniya,Central
Kandy,Ambagahapelessa,Central
Kandy,Ambagamuwa Udabulathgama,Central
Kandy,Ambatenna,Central
Kandy,Ampitiya,Central
Kandy,Ankumbura,Central
Kandy,Atabage,Central
Kandy,Balana,Central
Kandy,Bambaragahaela,Central
Kandy,Batagolladeniya,Central
Kandy,Batugoda,Central
Kandy,Batumulla,Central
Kandy,Bawlana,Central
Kandy,Bopana,Central
Kandy,Danture,Central
Kandy,Dedunupitiya,Central
Kandy,Dekinda,Central
Kandy,Deltota,Central
Kandy,Divulankadawala,Central
Kandy,Dolapihilla,Central
Kandy,Dolosbage,Central
Kandy,Dunuwila,Central
Kandy,Etulgama,Central
Kandy,Galaboda,Central
Kandy,Galagedara,Central
Kandy,Galaha,Central
Kandy,Galhinna,Central
Kandy,Gampola,Central
Kandy,Gelioya,Central
Kandy,Godamunna,Central
Kandy,Gomagoda,Central
Kandy,Gonagantenna,Central
Kandy,Gonawalapatana,Central
Kandy,Gunnepana,Central
Kandy,Gurudeniya,Central
Kandy,Hakmana,Central
Kandy,Handaganawa,Central
Kandy,Handawalapitiya,Central
Kandy,Handessa,Central
Kandy,Hanguranketha,Central
Kandy,Harangalagama,Central
Kandy,Hataraliyadda,Central
Kandy,Hindagala,Central
Kandy,Hondiyadeniya,Central
Kandy,Hunnasgiriya,Central
Kandy,Inguruwatta,Central
Kandy,Jambugahapitiya,Central
Kandy,Kadugannawa,Central
Kandy,Kahataliyadda,Central
Kandy,Kalugala,Central
Kandy,Kandy,Central
Kandy,Kapuliyadde,Central
Kandy,Katugastota,Central
Kandy,Katukitula,Central
Kandy,Kelanigama,Central
Kandy,Kengalla,Central
Kandy,Ketaboola,Central
Kandy,Ketakumbura,Central
Kandy,Kobonila,Central
Kandy,Kolabissa,Central
Kandy,Kolongoda,Central
Kandy,Kulugammana,Central
Kandy,Kumbukkandura,Central
Kandy,Kumburegama,Central
Kandy,Kundasale,Central
Kandy,Leemagahakotuwa,Central
Kandy,lhala Kobbekaduwa,Central
Kandy,Lunugama,Central
Kandy,Lunuketiya Maditta,Central
Kandy,Madawala Bazaar,Central
Kandy,Madawalalanda,Central
Kandy,Madugalla,Central
Kandy,Madulkele,Central
Kandy,Mahadoraliyadda,Central
Kandy,Mahamedagama,Central
Kandy,Mahanagapura,Central
Kandy,Mailapitiya,Central
Kandy,Makkanigama,Central
Kandy,Makuldeniya,Central
Kandy,Mangalagama,Central
Kandy,Mapakanda,Central
Kandy,Marassana,Central
Kandy,Marymount Colony,Central
Kandy,Mawatura,Central
Kandy,Medamahanuwara,Central
Kandy,Medawala Harispattuwa,Central
Kandy,Meetalawa,Central
Kandy,Megoda Kalugamuwa,Central
Kandy,Menikdiwela,Central
Kandy,Menikhinna,Central
Kandy,Mimure,Central
Kandy,Minigamuwa,Central
Kandy,Minipe,Central
Kandy,Moragahapallama,Central
Kandy,Murutalawa,Central
Kandy,Muruthagahamulla,Central
Kandy,Nanuoya,Central
Kandy,Naranpanawa,Central
Kandy,Narawelpita,Central
Kandy,Nawalapitiya,Central
Kandy,Nawathispane,Central
Kandy,Nillambe,Central
Kandy,Nugaliyadda,Central
Kandy,Ovilikanda,Central
Kandy,Pallekotuwa,Central
Kandy,Panwilatenna,Central
Kandy,Paradeka,Central
Kandy,Pasbage,Central
Kandy,Pattitalawa,Central
Kandy,Peradeniya,Central
Kandy,Pilimatalawa,Central
Kandy,Poholiyadda,Central
Kandy,Pubbiliya,Central
Kandy,Pupuressa,Central
Kandy,Pussellawa,Central
Kandy,Putuhapuwa,Central
Kandy,Rajawella,Central
Kandy,Rambukpitiya,Central
Kandy,Rambukwella,Central
Kandy,Rangala,Central
Kandy,Rantembe,Central
Kandy,Sangarajapura,Central
Kandy,Senarathwela,Central
Kandy,Talatuoya,Central
Kandy,Teldeniya,Central
Kandy,Tennekumbura,Central
Kandy,Uda Peradeniya,Central
Kandy,Udahentenna,Central
Kandy,Udatalawinna,Central
Kandy,Udispattuwa,Central
Kandy,Ududumbara,Central
Kandy,Uduwahinna,Central
Kandy,Uduwela,Central
Kandy,Ulapane,Central
Kandy,Unuwinna,Central
Kandy,Velamboda,Central
Kandy,Watagoda,Central
Kandy,Watagoda Harispattuwa,Central
Kandy,Wattappola,Central
Kandy,Weligampola,Central
Kandy,Wendaruwa,Central
Kandy,Weragantota,Central
Kandy,Werapitya,Central
Kandy,Werellagama,Central
Kandy,Wettawa,Central
Kandy,Yahalatenna,Central
Kandy,Yatihalagala,Central
Matale,Akuramboda,Central
Matale,Alawatuwala,Central
Matale,Alwatta,Central
Matale,Ambana,Central
Matale,Aralaganwila,Central
Matale,Ataragallewa,Central
Matale,Bambaragaswewa,Central
Matale,Barawardhana Oya,Central
Matale,Beligamuwa,Central
Matale,Damana,Central
Matale,Dambulla,Central
Matale,Damminna,Central
Matale,Dankanda,Central
Matale,Delwite,Central
Matale,Devagiriya,Central
Matale,Dewahuwa,Central
Matale,Divuldamana,Central
Matale,Dullewa,Central
Matale,Dunkolawatta,Central
Matale,Elkaduwa,Central
Matale,Erawula Junction,Central
Matale,Etanawala,Central
Matale,Galewela,Central
Matale,Galoya Junction,Central
Matale,Gammaduwa,Central
Matale,Gangala Puwakpitiya,Central
Matale,Hasalaka,Central
Matale,Hattota Amuna,Central
Matale,Imbulgolla,Central
Matale,Inamaluwa,Central
Matale,Iriyagolla,Central
Matale,Kaikawala,Central
Matale,Kalundawa,Central
Matale,Kandalama,Central
Matale,Kavudupelella,Central
Matale,Kibissa,Central
Matale,Kiwula,Central
Matale,Kongahawela,Central
Matale,Laggala Pallegama,Central
Matale,Leliambe,Central
Matale,Lenadora,Central
Matale,lhala Halmillewa,Central
Matale,lllukkumbura,Central
Matale,Madipola,Central
Matale,Maduruoya,Central
Matale,Mahawela,Central
Matale,Mananwatta,Central
Matale,Maraka,Central
Matale,Matale,Central
Matale,Melipitiya,Central
Matale,Metihakka,Central
Matale,Millawana,Central
Matale,Muwandeniya,Central
Matale,Nalanda,Central
Matale,Naula,Central
Matale,Opalgala,Central
Matale,Pallepola,Central
Matale,Pimburattewa,Central
Matale,Pulastigama,Central
Matale,Ranamuregama,Central
Matale,Rattota,Central
Matale,Selagama,Central
Matale,Sigiriya,Central
Matale,Sinhagama,Central
Matale,Sungavila,Central
Matale,Talagoda Junction,Central
Matale,Talakiriyagama,Central
Matale,Tamankaduwa,Central
Matale,Udasgiriya,Central
Matale,Udatenna,Central
Matale,Ukuwela,Central
Matale,Wahacotte,Central
Matale,Walawela,Central
Matale,Wehigala,Central
Matale,Welangahawatte,Central
Matale,Wewalawewa,Central
Matale,Yatawatta,Central
Nuwara Eliya,Agarapathana,Central
Nuwara Eliya,Ambatalawa,Central
Nuwara Eliya,Ambewela,Central
Nuwara Eliya,Bogawantalawa,Central
Nuwara Eliya,Bopattalawa,Central
Nuwara Eliya,Dagampitiya,Central
Nuwara Eliya,Dayagama Bazaar,Central
Nuwara Eliya,Dikoya,Central
Nuwara Eliya,Doragala,Central
Nuwara Eliya,Dunukedeniya,Central
Nuwara Eliya,Egodawela,Central
Nuwara Eliya,Ekiriya,Central
Nuwara Eliya,Elamulla,Central
Nuwara Eliya,Ginigathena,Central
Nuwara Eliya,Gonakele,Central
Nuwara Eliya,Haggala,Central
Nuwara Eliya,Halgranoya,Central
Nuwara Eliya,Hangarapitiya,Central
Nuwara Eliya,Hapugastalawa,Central
Nuwara Eliya,Harasbedda,Central
Nuwara Eliya,Hatton,Central
Nuwara Eliya,Hewaheta,Central
Nuwara Eliya,Hitigegama,Central
Nuwara Eliya,Jangulla,Central
Nuwara Eliya,Kalaganwatta,Central
Nuwara Eliya,Kandapola,Central
Nuwara Eliya,Karandagolla,Central
Nuwara Eliya,Keerthi Bandarapura,Central
Nuwara Eliya,Kiribathkumbura,Central
Nuwara Eliya,Kotiyagala,Central
Nuwara Eliya,Kotmale,Central
Nuwara Eliya,Kottellena,Central
Nuwara Eliya,Kumbalgamuwa,Central
Nuwara Eliya,Kumbukwela,Central
Nuwara Eliya,Kurupanawela,Central
Nuwara Eliya,Labukele,Central
Nuwara Eliya,Laxapana,Central
Nuwara Eliya,Lindula,Central
Nuwara Eliya,Madulla,Central
Nuwara Eliya,Mandaram Nuwara,Central
Nuwara Eliya,Maskeliya,Central
Nuwara Eliya,Maswela,Central
Nuwara Eliya,Maturata,Central
Nuwara Eliya,Mipanawa,Central
Nuwara Eliya,Mipilimana,Central
Nuwara Eliya,Morahenagama,Central
Nuwara Eliya,Munwatta,Central
Nuwara Eliya,Nayapana Janapadaya,Central
Nuwara Eliya,Nildandahinna,Central
Nuwara Eliya,Nissanka Uyana,Central
Nuwara Eliya,Norwood,Central
Nuwara Eliya,Nuwara Eliya,Central
Nuwara Eliya,Padiyapelella,Central
Nuwara Eliya,Pallebowala,Central
Nuwara Eliya,Panvila,Central
Nuwara Eliya,Pitawala,Central
Nuwara Eliya,Pundaluoya,Central
Nuwara Eliya,Ramboda,Central
Nuwara Eliya,Rikillagaskada,Central
Nuwara Eliya,Rozella,Central
Nuwara Eliya,Rupaha,Central
Nuwara Eliya,Ruwaneliya,Central
Nuwara Eliya,Santhipura,Central
Nuwara Eliya,Talawakele,Central
Nuwara Eliya,Tawalantenna,Central
Nuwara Eliya,Teripeha,Central
Nuwara Eliya,Udamadura,Central
Nuwara Eliya,Udapussallawa,Central
Nuwara Eliya,Uva Deegalla,Central
Nuwara Eliya,Uva Uduwara,Central
Nuwara Eliya,Uvaparanagama,Central
Nuwara Eliya,Walapane,Central
Nuwara Eliya,Watawala,Central
Nuwara Eliya,Widulipura,Central
Nuwara Eliya,Wijebahukanda,Central
Ampara,Akkaraipattu,Eastern
Ampara,Ambagahawatta,Eastern
Ampara,Ampara,Eastern
Ampara,Bakmitiyawa,Eastern
Ampara,Deegawapiya,Eastern
Ampara,Devalahinda,Eastern
Ampara,Digamadulla Weeragoda,Eastern
Ampara,Dorakumbura,Eastern
Ampara,Gonagolla,Eastern
Ampara,Hulannuge,Eastern
Ampara,Kalmunai,Eastern
Ampara,Kannakipuram,Eastern
Ampara,Karativu,Eastern
Ampara,Kekirihena,Eastern
Ampara,Koknahara,Eastern
Ampara,Kolamanthalawa,Eastern
Ampara,Komari,Eastern
Ampara,Lahugala,Eastern
Ampara,lmkkamam,Eastern
Ampara,Mahaoya,Eastern
Ampara,Marathamune,Eastern
Ampara,Namaloya,Eastern
Ampara,Navithanveli,Eastern
Ampara,Nintavur,Eastern
Ampara,Oluvil,Eastern
Ampara,Padiyatalawa,Eastern
Ampara,Pahalalanda,Eastern
Ampara,Panama,Eastern
Ampara,Pannalagama,Eastern
Ampara,Paragahakele,Eastern
Ampara,Periyaneelavanai,Eastern
Ampara,Polwaga Janapadaya,Eastern
Ampara,Pottuvil,Eastern
Ampara,Sainthamaruthu,Eastern
Ampara,Samanthurai,Eastern
Ampara,Serankada,Eastern
Ampara,Tempitiya,Eastern
Ampara,Thambiluvil,Eastern
Ampara,Tirukovil,Eastern
Ampara,Uhana,Eastern
Ampara,Wadinagala,Eastern
Ampara,Wanagamuwa,Eastern
Batticaloa,Addalaichenai,Eastern
Batticaloa,Ampilanthurai,Eastern
Batticaloa,Araipattai,Eastern
Batticaloa,Ayithiyamalai,Eastern
Batticaloa,Bakiella,Eastern
Batticaloa,Batticaloa,Eastern
Batticaloa,Cheddipalayam,Eastern
Batticaloa,Chenkaladi,Eastern
Batticaloa,Eravur,Eastern
Batticaloa,Kaluwanchikudi,Eastern
Batticaloa,Kaluwankemy,Eastern
Batticaloa,Kannankudah,Eastern
Batticaloa,Karadiyanaru,Eastern
Batticaloa,Kathiraveli,Eastern
Batticaloa,Kattankudi,Eastern
Batticaloa,Kiran,Eastern
Batticaloa,Kirankulam,Eastern
Batticaloa,Koddaikallar,Eastern
Batticaloa,Kokkaddichcholai,Eastern
Batticaloa,Kurukkalmadam,Eastern
Batticaloa,Mandur,Eastern
Batticaloa,Miravodai,Eastern
Batticaloa,Murakottanchanai,Eastern
Batticaloa,Navagirinagar,Eastern
Batticaloa,Navatkadu,Eastern
Batticaloa,Oddamavadi,Eastern
Batticaloa,Palamunai,Eastern
Batticaloa,Pankudavely,Eastern
Batticaloa,Periyaporativu,Eastern
Batticaloa,Periyapullumalai,Eastern
Batticaloa,Pillaiyaradi,Eastern
Batticaloa,Punanai,Eastern
Batticaloa,Thannamunai,Eastern
Batticaloa,Thettativu,Eastern
Batticaloa,Thikkodai,Eastern
Batticaloa,Thirupalugamam,Eastern
Batticaloa,Unnichchai,Eastern
Batticaloa,Vakaneri,Eastern
Batticaloa,Vakarai,Eastern
Batticaloa,Valaichenai,Eastern
Batticaloa,Vantharumoolai,Eastern
Batticaloa,Vellavely,Eastern
Trincomalee,Agbopura,Eastern
Trincomalee,Buckmigama,Eastern
Trincomalee,China Bay,Eastern
Trincomalee,Dehiwatte,Eastern
Trincomalee,Echchilampattai,Eastern
Trincomalee,Galmetiyawa,Eastern
Trincomalee,Gomarankadawala,Eastern
Trincomalee,Kaddaiparichchan,Eastern
Trincomalee,Kallar,Eastern
Trincomalee,Kanniya,Eastern
Trincomalee,Kantalai,Eastern
Trincomalee,Kantalai Sugar Factory,Eastern
Trincomalee,Kiliveddy,Eastern
Trincomalee,Kinniya,Eastern
Trincomalee,Kuchchaveli,Eastern
Trincomalee,Kumburupiddy,Eastern
Trincomalee,Kurinchakemy,Eastern
Trincomalee,Lankapatuna,Eastern
Trincomalee,Mahadivulwewa,Eastern
Trincomalee,Maharugiramam,Eastern
Trincomalee,Mallikativu,Eastern
Trincomalee,Mawadichenai,Eastern
Trincomalee,Mullipothana,Eastern
Trincomalee,Mutur,Eastern
Trincomalee,Neelapola,Eastern
Trincomalee,Nilaveli,Eastern
Trincomalee,Pankulam,Eastern
Trincomalee,Pulmoddai,Eastern
Trincomalee,Rottawewa,Eastern
Trincomalee,Sampaltivu,Eastern
Trincomalee,Sampoor,Eastern
Trincomalee,Serunuwara,Eastern
Trincomalee,Seruwila,Eastern
Trincomalee,Sirajnagar,Eastern
Trincomalee,Somapura,Eastern
Trincomalee,Tampalakamam,Eastern
Trincomalee,Thuraineelavanai,Eastern
Trincomalee,Tiriyayi,Eastern
Trincomalee,Toppur,Eastern
Trincomalee,Trincomalee,Eastern
Trincomalee,Wanela,Eastern
Anuradhapura,Angamuwa,North Central
Anuradhapura,Anuradhapura,North Central
Anuradhapura,Awukana,North Central
Anuradhapura,Bogahawewa,North Central
Anuradhapura,Dematawewa,North Central
Anuradhapura,Dimbulagala,North Central
Anuradhapura,Dutuwewa,North Central
Anuradhapura,Elayapattuwa,North Central
Anuradhapura,Ellewewa,North Central
Anuradhapura,Eppawala,North Central
Anuradhapura,Etawatunuwewa,North Central
Anuradhapura,Etaweeragollewa,North Central
Anuradhapura,Galapitagala,North Central
Anuradhapura,Galenbindunuwewa,North Central
Anuradhapura,Galkadawala,North Central
Anuradhapura,Galkiriyagama,North Central
Anuradhapura,Galkulama,North Central
Anuradhapura,Galnewa,North Central
Anuradhapura,Gambirigaswewa,North Central
Anuradhapura,Ganewalpola,North Central
Anuradhapura,Gemunupura,North Central
Anuradhapura,Getalawa,North Central
Anuradhapura,Gnanikulama,North Central
Anuradhapura,Gonahaddenawa,North Central
Anuradhapura,Habarana,North Central
Anuradhapura,Halmillawa Dambulla,North Central
Anuradhapura,Halmillawetiya,North Central
Anuradhapura,Hidogama,North Central
Anuradhapura,Horawpatana,North Central
Anuradhapura,Horiwila,North Central
Anuradhapura,Hurigaswewa,North Central
Anuradhapura,Hurulunikawewa,North Central
Anuradhapura,Ihala Puliyankulama,North Central
Anuradhapura,Ihalagama,North Central
Anuradhapura,Ipologama,North Central
Anuradhapura,Kagama,North Central
Anuradhapura,Kahatagasdigiliya,North Central
Anuradhapura,Kahatagollewa,North Central
Anuradhapura,Kalakarambewa,North Central
Anuradhapura,Kalaoya,North Central
Anuradhapura,Kalawedi Ulpotha,North Central
Anuradhapura,Kallanchiya,North Central
Anuradhapura,Kalpitiya,North Central
Anuradhapura,Kalukele Badanagala,North Central
Anuradhapura,Kapugallawa,North Central
Anuradhapura,Karagahawewa,North Central
Anuradhapura,Kashyapapura,North Central
Anuradhapura,Kebithigollewa,North Central
Anuradhapura,Kekirawa,North Central
Anuradhapura,Kendewa,North Central
Anuradhapura,Kiralogama,North Central
Anuradhapura,Kirigalwewa,North Central
Anuradhapura,Kirimundalama,North Central
Anuradhapura,Kitulhitiyawa,North Central
Anuradhapura,Kurundankulama,North Central
Anuradhapura,Labunoruwa,North Central
Anuradhapura,Madatugama,North Central
Anuradhapura,Maha Elagamuwa,North Central
Anuradhapura,Mahabulankulama,North Central
Anuradhapura,Mahailluppallama,North Central
Anuradhapura,Mahakanadarawa,North Central
Anuradhapura,Mahapothana,North Central
Anuradhapura,Mahasenpura,North Central
Anuradhapura,Mahawilachchiya,North Central
Anuradhapura,Mailagaswewa,North Central
Anuradhapura,Malwanagama,North Central
Anuradhapura,Maneruwa,North Central
Anuradhapura,Maradankadawala,North Central
Anuradhapura,Maradankalla,North Central
Anuradhapura,Medawachchiya,North Central
Anuradhapura,Megodawewa,North Central
Anuradhapura,Mihintale,North Central
Anuradhapura,Morakewa,North Central
Anuradhapura,Mulkiriyawa,North Central
Anuradhapura,Muriyakadawala,North Central
Anuradhapura,Nachchaduwa,North Central
Anuradhapura,Namalpura,North Central
Anuradhapura,Negampaha,North Central
Anuradhapura,Nochchiyagama,North Central
Anuradhapura,Nuwaragala,North Central
Anuradhapura,Padavi Maithripura,North Central
Anuradhapura,Padavi Parakramapura,North Central
Anuradhapura,Padavi Sripura,North Central
Anuradhapura,Padavi Sritissapura,North Central
Anuradhapura,Padaviya,North Central
Anuradhapura,Padikaramaduwa,North Central
Anuradhapura,Pahala Halmillewa,North Central
Anuradhapura,Pahala Maragahawe,North Central
Anuradhapura,Pahalagama,North Central
Anuradhapura,Palugaswewa,North Central
Anuradhapura,Pandukabayapura,North Central
Anuradhapura,Pandulagama,North Central
Anuradhapura,Parakumpura,North Central
Anuradhapura,Parangiyawadiya,North Central
Anuradhapura,Parasangahawewa,North Central
Anuradhapura,Pelatiyawa,North Central
Anuradhapura,Pemaduwa,North Central
Anuradhapura,Perimiyankulama,North Central
Anuradhapura,Pihimbiyagolewa,North Central
Anuradhapura,Pubbogama,North Central
Anuradhapura,Punewa,North Central
Anuradhapura,Rajanganaya,North Central
Anuradhapura,Rambewa,North Central
Anuradhapura,Rampathwila,North Central
Anuradhapura,Rathmalgahawewa,North Central
Anuradhapura,Saliyapura,North Central
Anuradhapura,Seeppukulama,North Central
Anuradhapura,Senapura,North Central
Anuradhapura,Sivalakulama,North Central
Anuradhapura,Siyambalewa,North Central
Anuradhapura,Sravasthipura,North Central
Anuradhapura,Talawa,North Central
Anuradhapura,Tambuttegama,North Central
Anuradhapura,Tammennawa,North Central
Anuradhapura,Tantirimale,North Central
Anuradhapura,Telhiriyawa,North Central
Anuradhapura,Tirappane,North Central
Anuradhapura,Tittagonewa,North Central
Anuradhapura,Udunuwara Colony,North Central
Anuradhapura,Upuldeniya,North Central
Anuradhapura,Uttimaduwa,North Central
Anuradhapura,Vellamanal,North Central
Anuradhapura,Viharapalugama,North Central
Anuradhapura,Wahalkada,North Central
Anuradhapura,Wahamalgollewa,North Central
Anuradhapura,Walagambahuwa,North Central
Anuradhapura,Walahaviddawewa,North Central
Anuradhapura,Welimuwapotana,North Central
Anuradhapura,Welioya Project,North Central
Polonnaruwa,Attanakadawala,North Central
Polonnaruwa,Bakamuna,North Central
Polonnaruwa,Diyabeduma,North Central
Polonnaruwa,Elahera,North Central
Polonnaruwa,Giritale,North Central
Polonnaruwa,Hingurakdamana,North Central
Polonnaruwa,Hingurakgoda,North Central
Polonnaruwa,Jayanthipura,North Central
Polonnaruwa,Kalingaela,North Central
Polonnaruwa,Lakshauyana,North Central
Polonnaruwa,Mankemi,North Central
Polonnaruwa,Minneriya,North Central
Polonnaruwa,Onegama,North Central
Polonnaruwa,Orubendi Siyambalawa,North Central
Polonnaruwa,Palugasdamana,North Central
Polonnaruwa,Panichankemi,North Central
Polonnaruwa,Polonnaruwa,North Central
Polonnaruwa,Talpotha,North Central
Polonnaruwa,Tambala,North Central
Polonnaruwa,Unagalavehera,North Central
Polonnaruwa,Wijayabapura,North Central
Kurunegala,Akurana,North Western
Kurunegala,Alahengama,North Western
Kurunegala,Alahitiyawa,North Western
Kurunegala,Ambakote,North Western
Kurunegala,Ambanpola,North Western
Kurunegala,Andiyagala,North Western
Kurunegala,Anukkane,North Western
Kurunegala,Aragoda,North Western
Kurunegala,Ataragalla,North Western
Kurunegala,Awulegama,North Western
Kurunegala,Balalla,North Western
Kurunegala,Bamunukotuwa,North Western
Kurunegala,Bandara Koswatta,North Western
Kurunegala,Bingiriya,North Western
Kurunegala,Bogamulla,North Western
Kurunegala,Boraluwewa,North Western
Kurunegala,Boyagane,North Western
Kurunegala,Bujjomuwa,North Western
Kurunegala,Buluwala,North Western
Kurunegala,Dadayamtalawa,North Western
Kurunegala,Dambadeniya,North Western
Kurunegala,Daraluwa,North Western
Kurunegala,Deegalla,North Western
Kurunegala,Demataluwa,North Western
Kurunegala,Demuwatha,North Western
Kurunegala,Diddeniya,North Western
Kurunegala,Digannewa,North Western
Kurunegala,Divullegoda,North Western
Kurunegala,Diyasenpura,North Western
Kurunegala,Dodangaslanda,North Western
Kurunegala,Doluwa,North Western
Kurunegala,Doragamuwa,North Western
Kurunegala,Doratiyawa,North Western
Kurunegala,Dunumadalawa,North Western
Kurunegala,Dunuwilapitiya,North Western
Kurunegala,Ehetuwewa,North Western
Kurunegala,Elibichchiya,North Western
Kurunegala,Embogama,North Western
Kurunegala,Etungahakotuwa,North Western
Kurunegala,Galadivulwewa,North Western
Kurunegala,Galgamuwa,North Western
Kurunegala,Gallellagama,North Western
Kurunegala,Gallewa,North Western
Kurunegala,Ganegoda,North Western
Kurunegala,Girathalana,North Western
Kurunegala,Gokaralla,North Western
Kurunegala,Gonawila,North Western
Kurunegala,Halmillawewa,North Western
Kurunegala,Handungamuwa,North Western
Kurunegala,Harankahawa,North Western
Kurunegala,Helamada,North Western
Kurunegala,Hengamuwa,North Western
Kurunegala,Hettipola,North Western
Kurunegala,Hewainna,North Western
Kurunegala,Hilogama,North Western
Kurunegala,Hindagolla,North Western
Kurunegala,Hiriyala Lenawa,North Western
Kurunegala,Hiruwalpola,North Western
Kurunegala,Horambawa,North Western
Kurunegala,Hulogedara,North Western
Kurunegala,Hulugalla,North Western
Kurunegala,Ihala Gomugomuwa,North Western
Kurunegala,Ihala Katugampala,North Western
Kurunegala,Indulgodakanda,North Western
Kurunegala,Ithanawatta,North Western
Kurunegala,Kadigawa,North Western
Kurunegala,Kalankuttiya,North Western
Kurunegala,Kalatuwawa,North Western
Kurunegala,Kalugamuwa,North Western
Kurunegala,Kanadeniyawala,North Western
Kurunegala,Kanattewewa,North Western
Kurunegala,Kandegedara,North Western
Kurunegala,Karagahagedara,North Western
Kurunegala,Karambe,North Western
Kurunegala,Katiyawa,North Western
Kurunegala,Katupota,North Western
Kurunegala,Kawudulla,North Western
Kurunegala,Kawuduluwewa Stagell,North Western
Kurunegala,Kekunagolla,North Western
Kurunegala,Keppitiwalana,North Western
Kurunegala,Kimbulwanaoya,North Western
Kurunegala,Kirimetiyawa,North Western
Kurunegala,Kirindawa,North Western
Kurunegala,Kirindigalla,North Western
Kurunegala,Kithalawa,North Western
Kurunegala,Kitulwala,North Western
Kurunegala,Kobeigane,North Western
Kurunegala,Kohilagedara,North Western
Kurunegala,Konwewa,North Western
Kurunegala,Kosdeniya,North Western
Kurunegala,Kosgolla,North Western
Kurunegala,Kotagala,North Western
Kurunegala,Kotawehera,North Western
Kurunegala,Kudagalgamuwa,North Western
Kurunegala,Kudakatnoruwa,North Western
Kurunegala,Kuliyapitiya,North Western
Kurunegala,Kumaragama,North Western
Kurunegala,Kumbukgeta,North Western
Kurunegala,Kumbukwewa,North Western
Kurunegala,Kuratihena,North Western
Kurunegala,Kurunegala,North Western
Kurunegala,lbbagamuwa,North Western
Kurunegala,lhala Kadigamuwa,North Western
Kurunegala,Lihiriyagama,North Western
Kurunegala,lllagolla,North Western
Kurunegala,llukhena,North Western
Kurunegala,Lonahettiya,North Western
Kurunegala,Madahapola,North Western
Kurunegala,Madakumburumulla,North Western
Kurunegala,Madalagama,North Western
Kurunegala,Madawala Ulpotha,North Western
Kurunegala,Maduragoda,North Western
Kurunegala,Maeliya,North Western
Kurunegala,Magulagama,North Western
Kurunegala,Maha Ambagaswewa,North Western
Kurunegala,Mahagalkadawala,North Western
Kurunegala,Mahagirilla,North Western
Kurunegala,Mahamukalanyaya,North Western
Kurunegala,Mahananneriya,North Western
Kurunegala,Mahapallegama,North Western
Kurunegala,Maharachchimulla,North Western
Kurunegala,Mahatalakolawewa,North Western
Kurunegala,Mahawewa,North Western
Kurunegala,Maho,North Western
Kurunegala,Makulewa,North Western
Kurunegala,Makulpotha,North Western
Kurunegala,Makulwewa,North Western
Kurunegala,Malagane,North Western
Kurunegala,Mandapola,North Western
Kurunegala,Maspotha,North Western
Kurunegala,Mawathagama,North Western
Kurunegala,Medirigiriya,North Western
Kurunegala,Medivawa,North Western
Kurunegala,Meegalawa,North Western
Kurunegala,Meegaswewa,North Western
Kurunegala,Meewellawa,North Western
Kurunegala,Melsiripura,North Western
Kurunegala,Metikumbura,North Western
Kurunegala,Metiyagane,North Western
Kurunegala,Minhettiya,North Western
Kurunegala,Minuwangete,North Western
Kurunegala,Mirihanagama,North Western
Kurunegala,Monnekulama,North Western
Kurunegala,Moragane,North Western
Kurunegala,Moragollagama,North Western
Kurunegala,Morathiha,North Western
Kurunegala,Munamaldeniya,North Western
Kurunegala,Muruthenge,North Western
Kurunegala,Mutugala,North Western
Kurunegala,Nabadewa,North Western
Kurunegala,Nagollagama,North Western
Kurunegala,Nagollagoda,North Western
Kurunegala,Nakkawatta,North Western
Kurunegala,Narammala,North Western
Kurunegala,Nawasenapura,North Western
Kurunegala,Nawatalwatta,North Western
Kurunegala,Nelliya,North Western
Kurunegala,Nikaweratiya,North Western
Kurunegala,Nugagolla,North Western
Kurunegala,Nugawela,North Western
Kurunegala,Padeniya,North Western
Kurunegala,Padiwela,North Western
Kurunegala,Pahalagiribawa,North Western
Kurunegala,Pahamune,North Western
Kurunegala,Palagala,North Western
Kurunegala,Palapathwela,North Western
Kurunegala,Palaviya,North Western
Kurunegala,Pallewela,North Western
Kurunegala,Palukadawala,North Western
Kurunegala,Panadaragama,North Western
Kurunegala,Panagamuwa,North Western
Kurunegala,Panaliya,North Western
Kurunegala,Panapitiya,North Western
Kurunegala,Panliyadda,North Western
Kurunegala,Pansiyagama,North Western
Kurunegala,Parape,North Western
Kurunegala,Pathanewatta,North Western
Kurunegala,Pattiya Watta,North Western
Kurunegala,Perakanatta,North Western
Kurunegala,Periyakadneluwa,North Western
Kurunegala,Pihimbiya Ratmale,North Western
Kurunegala,Pihimbuwa,North Western
Kurunegala,Pilessa,North Western
Kurunegala,Polgahawela,North Western
Kurunegala,Polgolla,North Western
Kurunegala,Polpitigama,North Western
Kurunegala,Pothuhera,North Western
Kurunegala,Pothupitiya,North Western
Kurunegala,Pujapitiya,North Western
Kurunegala,Rakwana,North Western
Kurunegala,Ranorawa,North Western
Kurunegala,Rathukohodigala,North Western
Kurunegala,Ridibendiella,North Western
Kurunegala,Ridigama,North Western
Kurunegala,Saliya Asokapura,North Western
Kurunegala,Sandalankawa,North Western
Kurunegala,Sevanapitiya,North Western
Kurunegala,Sirambiadiya,North Western
Kurunegala,Sirisetagama,North Western
Kurunegala,Siyambalangamuwa,North Western
Kurunegala,Siyambalawewa,North Western
Kurunegala,Solepura,North Western
Kurunegala,Solewewa,North Western
Kurunegala,Sunandapura,North Western
Kurunegala,Talawattegedara,North Western
Kurunegala,Tambutta,North Western
Kurunegala,Tennepanguwa,North Western
Kurunegala,Thalahitimulla,North Western
Kurunegala,Thalakolawewa,North Western
Kurunegala,Thalwita,North Western
Kurunegala,Tharana Udawela,North Western
Kurunegala,Thimbiriyawa,North Western
Kurunegala,Tisogama,North Western
Kurunegala,Torayaya,North Western
Kurunegala,Tulhiriya,North Western
Kurunegala,Tuntota,North Western
Kurunegala,Tuttiripitigama,North Western
Kurunegala,Udagaldeniya,North Western
Kurunegala,Udahingulwala,North Western
Kurunegala,Udawatta,North Western
Kurunegala,Udubaddawa,North Western
Kurunegala,Udumulla,North Western
Kurunegala,Uhumiya,North Western
Kurunegala,Ulpotha Pallekele,North Western
Kurunegala,Ulpothagama,North Western
Kurunegala,Usgala Siyabmalangamuwa,North Western
Kurunegala,Vijithapura,North Western
Kurunegala,Wadakada,North Western
Kurunegala,Wadumunnegedara,North Western
Kurunegala,Walakumburumulla,North Western
Kurunegala,Wannigama,North Western
Kurunegala,Wannikudawewa,North Western
Kurunegala,Wannilhalagama,North Western
Kurunegala,Wannirasnayakapura,North Western
Kurunegala,Warawewa,North Western
Kurunegala,Wariyapola,North Western
Kurunegala,Watareka,North Western
Kurunegala,Wattegama,North Western
Kurunegala,Watuwatta,North Western
Kurunegala,Weerapokuna,North Western
Kurunegala,Welawa Juncton,North Western
Kurunegala,Welipennagahamulla,North Western
Kurunegala,Wellagala,North Western
Kurunegala,Wellarawa,North Western
Kurunegala,Wellawa,North Western
Kurunegala,Welpalla,North Western
Kurunegala,Wennoruwa,North Western
Kurunegala,Weuda,North Western
Kurunegala,Wewagama,North Western
Kurunegala,Wilgamuwa,North Western
Kurunegala,Yakwila,North Western
Kurunegala,Yatigaloluwa,North Western
Puttalam,Adippala,North Western
Puttalam,Alutgama,North Western
Puttalam,Alutwewa,North Western
Puttalam,Ambakandawila,North Western
Puttalam,Anamaduwa,North Western
Puttalam,Andigama,North Western
Puttalam,Angunawila,North Western
Puttalam,Attawilluwa,North Western
Puttalam,Bangadeniya,North Western
Puttalam,Baranankattuwa,North Western
Puttalam,Battuluoya,North Western
Puttalam,Bujjampola,North Western
Puttalam,Chilaw,North Western
Puttalam,Dalukana,North Western
Puttalam,Dankotuwa,North Western
Puttalam,Dewagala,North Western
Puttalam,Dummalasuriya,North Western
Puttalam,Dunkannawa,North Western
Puttalam,Eluwankulama,North Western
Puttalam,Ettale,North Western
Puttalam,Galamuna,North Western
Puttalam,Galmuruwa,North Western
Puttalam,Hansayapalama,North Western
Puttalam,Ihala Kottaramulla,North Western
Puttalam,Ilippadeniya,North Western
Puttalam,Inginimitiya,North Western
Puttalam,Ismailpuram,North Western
Puttalam,Jayasiripura,North Western
Puttalam,Kakkapalliya,North Western
Puttalam,Kalkudah,North Western
Puttalam,Kalladiya,North Western
Puttalam,Kandakuliya,North Western
Puttalam,Karathivu,North Western
Puttalam,Karawitagara,North Western
Puttalam,Karuwalagaswewa,North Western
Puttalam,Katuneriya,North Western
Puttalam,Koswatta,North Western
Puttalam,Kottantivu,North Western
Puttalam,Kottapitiya,North Western
Puttalam,Kottukachchiya,North Western
Puttalam,Kumarakattuwa,North Western
Puttalam,Kurinjanpitiya,North Western
Puttalam,Kuruketiyawa,North Western
Puttalam,Lunuwila,North Western
Puttalam,Madampe,North Western
Puttalam,Madurankuliya,North Western
Puttalam,Mahakumbukkadawala,North Western
Puttalam,Mahauswewa,North Western
Puttalam,Mampitiya,North Western
Puttalam,Mampuri,North Western
Puttalam,Mangalaeliya,North Western
Puttalam,Marawila,North Western
Puttalam,Mudalakkuliya,North Western
Puttalam,Mugunuwatawana,North Western
Puttalam,Mukkutoduwawa,North Western
Puttalam,Mundel,North Western
Puttalam,Muttibendiwila,North Western
Puttalam,Nainamadama,North Western
Puttalam,Nalladarankattuwa,North Western
Puttalam,Nattandiya,North Western
Puttalam,Nawagattegama,North Western
Puttalam,Nelumwewa,North Western
Puttalam,Norachcholai,North Western
Puttalam,Pallama,North Western
Puttalam,Palliwasalturai,North Western
Puttalam,Panirendawa,North Western
Puttalam,Parakramasamudraya,North Western
Puttalam,Pothuwatawana,North Western
Puttalam,Puttalam,North Western
Puttalam,Puttalam Cement Factory,North Western
Puttalam,Rajakadaluwa,North Western
Puttalam,Saliyawewa Junction,North Western
Puttalam,Serukele,North Western
Puttalam,Siyambalagashene,North Western
Puttalam,Tabbowa,North Western
Puttalam,Talawila Church,North Western
Puttalam,Toduwawa,North Western
Puttalam,Udappuwa,North Western
Puttalam,Uridyawa,North Western
Puttalam,Vanathawilluwa,North Western
Puttalam,Waikkal,North Western
Puttalam,Watugahamulla,North Western
Puttalam,Wennappuwa,North Western
Puttalam,Wijeyakatupotha,North Western
Puttalam,Wilpotha,North Western
Puttalam,Yodaela,North Western
Puttalam,Yogiyana,North Western
Jaffna,Jaffna,Northern
Kilinochchi,Kandavalai,Northern
Kilinochchi,Karachchi,Northern
Kilinochchi,Kilinochchi,Northern
Kilinochchi,Pachchilaipalli,Northern
Kilinochchi,Poonakary,Northern
Mannar,Mannar,Northern
Mannar,Puthukudiyiruppu,Northern
Mullaitivu,Mullativu,Northern
Vavuniya,Vavuniya,Northern
Kegalle,Alawala,Sabaragamuwa
Kegalle,Alawatura,Sabaragamuwa
Kegalle,Alawwa,Sabaragamuwa
Kegalle,Algama,Sabaragamuwa
Kegalle,Alutnuwara,Sabaragamuwa
Kegalle,Ambalakanda,Sabaragamuwa
Kegalle,Ambulugala,Sabaragamuwa
Kegalle,Amitirigala,Sabaragamuwa
Kegalle,Ampagala,Sabaragamuwa
Kegalle,Anhandiya,Sabaragamuwa
Kegalle,Anhettigama,Sabaragamuwa
Kegalle,Aranayaka,Sabaragamuwa
Kegalle,Aruggammana,Sabaragamuwa
Kegalle,Batuwita,Sabaragamuwa
Kegalle,Beligala(Sab),Sabaragamuwa
Kegalle,Belihuloya,Sabaragamuwa
Kegalle,Berannawa,Sabaragamuwa
Kegalle,Bopitiya,Sabaragamuwa
Kegalle,Bopitiya (SAB),Sabaragamuwa
Kegalle,Boralankada,Sabaragamuwa
Kegalle,Bossella,Sabaragamuwa
Kegalle,Bulathkohupitiya,Sabaragamuwa
Kegalle,Damunupola,Sabaragamuwa
Kegalle,Debathgama,Sabaragamuwa
Kegalle,Dedugala,Sabaragamuwa
Kegalle,Deewala Pallegama,Sabaragamuwa
Kegalle,Dehiowita,Sabaragamuwa
Kegalle,Deldeniya,Sabaragamuwa
Kegalle,Deloluwa,Sabaragamuwa
Kegalle,Deraniyagala,Sabaragamuwa
Kegalle,Dewalegama,Sabaragamuwa
Kegalle,Dewanagala,Sabaragamuwa
Kegalle,Dombemada,Sabaragamuwa
Kegalle,Dorawaka,Sabaragamuwa
Kegalle,Dunumala,Sabaragamuwa
Kegalle,Galapitamada,Sabaragamuwa
Kegalle,Galatara,Sabaragamuwa
Kegalle,Galigamuwa Town,Sabaragamuwa
Kegalle,Gallella,Sabaragamuwa
Kegalle,Galpatha(Sab),Sabaragamuwa
Kegalle,Gantuna,Sabaragamuwa
Kegalle,Getahetta,Sabaragamuwa
Kegalle,Godagampola,Sabaragamuwa
Kegalle,Gonagala,Sabaragamuwa
Kegalle,Hakahinna,Sabaragamuwa
Kegalle,Hakbellawaka,Sabaragamuwa
Kegalle,Halloluwa,Sabaragamuwa
Kegalle,Hedunuwewa,Sabaragamuwa
Kegalle,Hemmatagama,Sabaragamuwa
Kegalle,Hewadiwela,Sabaragamuwa
Kegalle,Hingula,Sabaragamuwa
Kegalle,Hinguralakanda,Sabaragamuwa
Kegalle,Hingurana,Sabaragamuwa
Kegalle,Hiriwadunna,Sabaragamuwa
Kegalle,Ihala Walpola,Sabaragamuwa
Kegalle,Ihalagama,Sabaragamuwa
Kegalle,Imbulana,Sabaragamuwa
Kegalle,Imbulgasdeniya,Sabaragamuwa
Kegalle,Kabagamuwa,Sabaragamuwa
Kegalle,Kahapathwala,Sabaragamuwa
Kegalle,Kandaketya,Sabaragamuwa
Kegalle,Kannattota,Sabaragamuwa
Kegalle,Karagahinna,Sabaragamuwa
Kegalle,Kegalle,Sabaragamuwa
Kegalle,Kehelpannala,Sabaragamuwa
Kegalle,Ketawala Leula,Sabaragamuwa
Kegalle,Kitulgala,Sabaragamuwa
Kegalle,Kondeniya,Sabaragamuwa
Kegalle,Kotiyakumbura,Sabaragamuwa
Kegalle,Lewangama,Sabaragamuwa
Kegalle,Mahabage,Sabaragamuwa
Kegalle,Makehelwala,Sabaragamuwa
Kegalle,Malalpola,Sabaragamuwa
Kegalle,Maldeniya,Sabaragamuwa
Kegalle,Maliboda,Sabaragamuwa
Kegalle,Maliyadda,Sabaragamuwa
Kegalle,Malmaduwa,Sabaragamuwa
Kegalle,Marapana,Sabaragamuwa
Kegalle,Mawanella,Sabaragamuwa
Kegalle,Meetanwala,Sabaragamuwa
Kegalle,Migastenna Sabara,Sabaragamuwa
Kegalle,Miyanawita,Sabaragamuwa
Kegalle,Molagoda,Sabaragamuwa
Kegalle,Morontota,Sabaragamuwa
Kegalle,Narangala,Sabaragamuwa
Kegalle,Narangoda,Sabaragamuwa
Kegalle,Nattarampotha,Sabaragamuwa
Kegalle,Nelundeniya,Sabaragamuwa
Kegalle,Niyadurupola,Sabaragamuwa
Kegalle,Noori,Sabaragamuwa
Kegalle,Pannila,Sabaragamuwa
Kegalle,Pattampitiya,Sabaragamuwa
Kegalle,Pilawala,Sabaragamuwa
Kegalle,Pothukoladeniya,Sabaragamuwa
Kegalle,Puswelitenna,Sabaragamuwa
Kegalle,Rambukkana,Sabaragamuwa
Kegalle,Rilpola,Sabaragamuwa
Kegalle,Rukmale,Sabaragamuwa
Kegalle,Ruwanwella,Sabaragamuwa
Kegalle,Samanalawewa,Sabaragamuwa
Kegalle,Seaforth Colony,Sabaragamuwa
Kegalle,Spring Valley,Sabaragamuwa
Kegalle,Talgaspitiya,Sabaragamuwa
Kegalle,Teligama,Sabaragamuwa
Kegalle,Tholangamuwa,Sabaragamuwa
Kegalle,Thotawella,Sabaragamuwa
Kegalle,Udaha Hawupe,Sabaragamuwa
Kegalle,Udapotha,Sabaragamuwa
Kegalle,Uduwa,Sabaragamuwa
Kegalle,Undugoda,Sabaragamuwa
Kegalle,Ussapitiya,Sabaragamuwa
Kegalle,Wahakula,Sabaragamuwa
Kegalle,Waharaka,Sabaragamuwa
Kegalle,Wanaluwewa,Sabaragamuwa
Kegalle,Warakapola,Sabaragamuwa
Kegalle,Watura,Sabaragamuwa
Kegalle,Weeoya,Sabaragamuwa
Kegalle,Wegalla,Sabaragamuwa
Kegalle,Weligalla,Sabaragamuwa
Kegalle,Welihelatenna,Sabaragamuwa
Kegalle,Wewelwatta,Sabaragamuwa
Kegalle,Yatagama,Sabaragamuwa
Kegalle,Yatapana,Sabaragamuwa
Kegalle,Yatiyantota,Sabaragamuwa
Kegalle,Yattogoda,Sabaragamuwa
Ratnapura,Akarella,Sabaragamuwa
Ratnapura,Amunumulla,Sabaragamuwa
Ratnapura,Atakalanpanna,Sabaragamuwa
Ratnapura,Ayagama,Sabaragamuwa
Ratnapura,Balangoda,Sabaragamuwa
Ratnapura,Batatota,Sabaragamuwa
Ratnapura,Beralapanathara,Sabaragamuwa
Ratnapura,Bogahakumbura,Sabaragamuwa
Ratnapura,Bolthumbe,Sabaragamuwa
Ratnapura,Bomluwageaina,Sabaragamuwa
Ratnapura,Bowalagama,Sabaragamuwa
Ratnapura,Bulutota,Sabaragamuwa
Ratnapura,Dambuluwana,Sabaragamuwa
Ratnapura,Daugala,Sabaragamuwa
Ratnapura,Dela,Sabaragamuwa
Ratnapura,Delwala,Sabaragamuwa
Ratnapura,Dodampe,Sabaragamuwa
Ratnapura,Doloswalakanda,Sabaragamuwa
Ratnapura,Dumbara Manana,Sabaragamuwa
Ratnapura,Eheliyagoda,Sabaragamuwa
Ratnapura,Ekamutugama,Sabaragamuwa
Ratnapura,Elapatha,Sabaragamuwa
Ratnapura,Ellagawa,Sabaragamuwa
Ratnapura,Ellaulla,Sabaragamuwa
Ratnapura,Ellawala,Sabaragamuwa
Ratnapura,Embilipitiya,Sabaragamuwa
Ratnapura,Eratna,Sabaragamuwa
Ratnapura,Erepola,Sabaragamuwa
Ratnapura,Gabbela,Sabaragamuwa
Ratnapura,Gangeyaya,Sabaragamuwa
Ratnapura,Gawaragiriya,Sabaragamuwa
Ratnapura,Gillimale,Sabaragamuwa
Ratnapura,Godakawela,Sabaragamuwa
Ratnapura,Gurubewilagama,Sabaragamuwa
Ratnapura,Halwinna,Sabaragamuwa
Ratnapura,Handagiriya,Sabaragamuwa
Ratnapura,Hatangala,Sabaragamuwa
Ratnapura,Hatarabage,Sabaragamuwa
Ratnapura,Hewanakumbura,Sabaragamuwa
Ratnapura,Hidellana,Sabaragamuwa
Ratnapura,Hiramadagama,Sabaragamuwa
Ratnapura,Horewelagoda,Sabaragamuwa
Ratnapura,Ittakanda,Sabaragamuwa
Ratnapura,Kahangama,Sabaragamuwa
Ratnapura,Kahawatta,Sabaragamuwa
Ratnapura,Kalawana,Sabaragamuwa
Ratnapura,Kaltota,Sabaragamuwa
Ratnapura,Kalubululanda,Sabaragamuwa
Ratnapura,Kananke Bazaar,Sabaragamuwa
Ratnapura,Kandepuhulpola,Sabaragamuwa
Ratnapura,Karandana,Sabaragamuwa
Ratnapura,Karangoda,Sabaragamuwa
Ratnapura,Kella Junction,Sabaragamuwa
Ratnapura,Keppetipola,Sabaragamuwa
Ratnapura,Kiriella,Sabaragamuwa
Ratnapura,Kiriibbanwewa,Sabaragamuwa
Ratnapura,Kolambageara,Sabaragamuwa
Ratnapura,Kolombugama,Sabaragamuwa
Ratnapura,Kolonna,Sabaragamuwa
Ratnapura,Kudawa,Sabaragamuwa
Ratnapura,Kuruwita,Sabaragamuwa
Ratnapura,Lellopitiya,Sabaragamuwa
Ratnapura,lmaduwa,Sabaragamuwa
Ratnapura,lmbulpe,Sabaragamuwa
Ratnapura,Mahagama Colony,Sabaragamuwa
Ratnapura,Mahawalatenna,Sabaragamuwa
Ratnapura,Makandura Sabara,Sabaragamuwa
Ratnapura,Malwala Junction,Sabaragamuwa
Ratnapura,Malwatta,Sabaragamuwa
Ratnapura,Matuwagalagama,Sabaragamuwa
Ratnapura,Medagalatur,Sabaragamuwa
Ratnapura,Meddekanda,Sabaragamuwa
Ratnapura,Minipura Dumbara,Sabaragamuwa
Ratnapura,Mitipola,Sabaragamuwa
Ratnapura,Moragala Kirillapone,Sabaragamuwa
Ratnapura,Morahela,Sabaragamuwa
Ratnapura,Mulendiyawala,Sabaragamuwa
Ratnapura,Mulgama,Sabaragamuwa
Ratnapura,Nawalakanda,Sabaragamuwa
Ratnapura,NawinnaPinnakanda,Sabaragamuwa
Ratnapura,Niralagama,Sabaragamuwa
Ratnapura,Nivitigala,Sabaragamuwa
Ratnapura,Omalpe,Sabaragamuwa
Ratnapura,Opanayaka,Sabaragamuwa
Ratnapura,Padalangala,Sabaragamuwa
Ratnapura,Pallebedda,Sabaragamuwa
Ratnapura,Pallekanda,Sabaragamuwa
Ratnapura,Pambagolla,Sabaragamuwa
Ratnapura,Panamura,Sabaragamuwa
Ratnapura,Panapola,Sabaragamuwa
Ratnapura,Paragala,Sabaragamuwa
Ratnapura,Parakaduwa,Sabaragamuwa
Ratnapura,Pebotuwa,Sabaragamuwa
Ratnapura,Pelmadulla,Sabaragamuwa
Ratnapura,Pinnawala,Sabaragamuwa
Ratnapura,Pothdeniya,Sabaragamuwa
Ratnapura,Rajawaka,Sabaragamuwa
Ratnapura,Ranwala,Sabaragamuwa
Ratnapura,Rassagala,Sabaragamuwa
Ratnapura,Ratgama,Sabaragamuwa
Ratnapura,Ratna Hangamuwa,Sabaragamuwa
Ratnapura,Ratnapura,Sabaragamuwa
Ratnapura,Sewanagala,Sabaragamuwa
Ratnapura,Sri Palabaddala,Sabaragamuwa
Ratnapura,Sudagala,Sabaragamuwa
Ratnapura,Talakolahinna,Sabaragamuwa
Ratnapura,Tanjantenna,Sabaragamuwa
Ratnapura,Teppanawa,Sabaragamuwa
Ratnapura,Tunkama,Sabaragamuwa
Ratnapura,Udakarawita,Sabaragamuwa
Ratnapura,Udaniriella,Sabaragamuwa
Ratnapura,Udawalawe,Sabaragamuwa
Ratnapura,Ullinduwawa,Sabaragamuwa
Ratnapura,Veddagala,Sabaragamuwa
Ratnapura,Vijeriya,Sabaragamuwa
Ratnapura,Waleboda,Sabaragamuwa
Ratnapura,Watapotha,Sabaragamuwa
Ratnapura,Waturawa,Sabaragamuwa
Ratnapura,Weligepola,Sabaragamuwa
Ratnapura,Welipathayaya,Sabaragamuwa
Ratnapura,Wikiliya,Sabaragamuwa
Galle,Agaliya,Southern
Galle,Ahangama,Southern
Galle,Ahungalla,Southern
Galle,Akmeemana,Southern
Galle,Alawatugoda,Southern
Galle,Aluthwala,Southern
Galle,Ampegama,Southern
Galle,Amugoda,Southern
Galle,Anangoda,Southern
Galle,Angulugaha,Southern
Galle,Ankokkawala,Southern
Galle,Aselapura,Southern
Galle,Baddegama,Southern
Galle,Balapitiya,Southern
Galle,Banagala,Southern
Galle,Batapola,Southern
Galle,Bentota,Southern
Galle,Boossa,Southern
Galle,Dellawa,Southern
Galle,Dikkumbura,Southern
Galle,Dodanduwa,Southern
Galle,Ella Tanabaddegama,Southern
Galle,Elpitiya,Southern
Galle,Galle,Southern
Galle,Ginimellagaha,Southern
Galle,Gintota,Southern
Galle,Godahena,Southern
Galle,Gonamulla Junction,Southern
Galle,Gonapinuwala,Southern
Galle,Habaraduwa,Southern
Galle,Haburugala,Southern
Galle,Hikkaduwa,Southern
Galle,Hiniduma,Southern
Galle,Hiyare,Southern
Galle,Kahaduwa,Southern
Galle,Kahawa,Southern
Galle,Karagoda,Southern
Galle,Karandeniya,Southern
Galle,Kosgoda,Southern
Galle,Kottawagama,Southern
Galle,Kottegoda,Southern
Galle,Kuleegoda,Southern
Galle,Magedara,Southern
Galle,Mahawela Sinhapura,Southern
Galle,Mapalagama,Southern
Galle,Mapalagama Central,Southern
Galle,Mattaka,Southern
Galle,Meda-Keembiya,Southern
Galle,Meetiyagoda,Southern
Galle,Nagoda,Southern
Galle,Nakiyadeniya,Southern
Galle,Nawadagala,Southern
Galle,Neluwa,Southern
Galle,Nindana,Southern
Galle,Pahala Millawa,Southern
Galle,Panangala,Southern
Galle,Pannimulla Panagoda,Southern
Galle,Parana ThanaYamgoda,Southern
Galle,Patana,Southern
Galle,Pitigala,Southern
Galle,Poddala,Southern
Galle,Polgampola,Southern
Galle,Porawagama,Southern
Galle,Rantotuwila,Southern
Galle,Talagampola,Southern
Galle,Talgaspe,Southern
Galle,Talpe,Southern
Galle,Tawalama,Southern
Galle,Tiranagama,Southern
Galle,Udalamatta,Southern
Galle,Udugama,Southern
Galle,Uluvitike,Southern
Galle,Unawatuna,Southern
Galle,Unenwitiya,Southern
Galle,Uragaha,Southern
Galle,Uragasmanhandiya,Southern
Galle,Wakwella,Southern
Galle,Walahanduwa,Southern
Galle,Wanchawela,Southern
Galle,Wanduramba,Southern
Galle,Warukandeniya,Southern
Galle,Watugedara,Southern
Galle,Weihena,Southern
Galle,Welikanda,Southern
Galle,Wilanagama,Southern
Galle,Yakkalamulla,Southern
Galle,Yatalamatta,Southern
Hambantota,Ambalantota,Southern
Hambantota,Angunakolapelessa,Southern
Hambantota,Angunakolawewa,Southern
Hambantota,Bandagiriya Colony,Southern
Hambantota,Barawakumbuka,Southern
Hambantota,Beliatta,Southern
Hambantota,Beragama,Southern
Hambantota,Beralihela,Southern
Hambantota,Bundala,Southern
Hambantota,Ellagala,Southern
Hambantota,Gangulandeniya,Southern
Hambantota,Getamanna,Southern
Hambantota,Goda Koggalla,Southern
Hambantota,Gonagamuwa Uduwila,Southern
Hambantota,Gonnoruwa,Southern
Hambantota,Hakuruwela,Southern
Hambantota,Hambantota,Southern
Hambantota,Handugala,Southern
Hambantota,Hungama,Southern
Hambantota,Ihala Beligalla,Southern
Hambantota,Ittademaliya,Southern
Hambantota,Julampitiya,Southern
Hambantota,Kahandamodara,Southern
Hambantota,Kariyamaditta,Southern
Hambantota,Katuwana,Southern
Hambantota,Kawantissapura,Southern
Hambantota,Kirama,Southern
Hambantota,Kirinda,Southern
Hambantota,Lunama,Southern
Hambantota,Lunugamwehera,Southern
Hambantota,Magama,Southern
Hambantota,Mahagalwewa,Southern
Hambantota,Mamadala,Southern
Hambantota,Medamulana,Southern
Hambantota,Middeniya,Southern
Hambantota,Migahajandur,Southern
Hambantota,Modarawana,Southern
Hambantota,Mulkirigala,Southern
Hambantota,Nakulugamuwa,Southern
Hambantota,Netolpitiya,Southern
Hambantota,Nihiluwa,Southern
Hambantota,Padawkema,Southern
Hambantota,Pahala Andarawewa,Southern
Hambantota,Rammalawarapitiya,Southern
Hambantota,Ranakeliya,Southern
Hambantota,Ranmuduwewa,Southern
Hambantota,Ranna,Southern
Hambantota,Ratmalwala,Southern
Hambantota,RU/Ridiyagama,Southern
Hambantota,Sooriyawewa Town,Southern
Hambantota,Tangalla,Southern
Hambantota,Tissamaharama,Southern
Hambantota,Uda Gomadiya,Southern
Hambantota,Udamattala,Southern
Hambantota,Uswewa,Southern
Hambantota,Vitharandeniya,Southern
Hambantota,Walasmulla,Southern
Hambantota,Weeraketiya,Southern
Hambantota,Weerawila,Southern
Hambantota,Weerawila NewTown,Southern
Hambantota,Wekandawela,Southern
Hambantota,Weligatta,Southern
Hambantota,Yatigala,Southern
Matara,Akuressa,Southern
Matara,Alapaladeniya,Southern
Matara,Aparekka,Southern
Matara,Athuraliya,Southern
Matara,Bengamuwa,Southern
Matara,Bopagoda,Southern
Matara,Dampahala,Southern
Matara,Deegala Lenama,Southern
Matara,Deiyandara,Southern
Matara,Denagama,Southern
Matara,Denipitiya,Southern
Matara,Deniyaya,Southern
Matara,Derangala,Southern
Matara,Devinuwara (Dondra),Southern
Matara,Dikwella,Southern
Matara,Diyagaha,Southern
Matara,Diyalape,Southern
Matara,Gandara,Southern
Matara,Godapitiya,Southern
Matara,Gomilamawarala,Southern
Matara,Hawpe,Southern
Matara,Horapawita,Southern
Matara,Kalubowitiyana,Southern
Matara,Kamburugamuwa,Southern
Matara,Kamburupitiya,Southern
Matara,Karagoda Uyangoda,Southern
Matara,Karaputugala,Southern
Matara,Karatota,Southern
Matara,Kekanadurra,Southern
Matara,Kiriweldola,Southern
Matara,Kiriwelkele,Southern
Matara,Kolawenigama,Southern
Matara,Kotapola,Southern
Matara,Lankagama,Southern
Matara,Makandura,Southern
Matara,Maliduwa,Southern
Matara,Maramba,Southern
Matara,Matara,Southern
Matara,Mediripitiya,Southern
Matara,Miella,Southern
Matara,Mirissa,Southern
Matara,Morawaka,Southern
Matara,Mulatiyana Junction,Southern
Matara,Nadugala,Southern
Matara,Naimana,Southern
Matara,Palatuwa,Southern
Matara,Parapamulla,Southern
Matara,Pasgoda,Southern
Matara,Penetiyana,Southern
Matara,Pitabeddara,Southern
Matara,Puhulwella,Southern
Matara,Radawela,Southern
Matara,Ransegoda,Southern
Matara,Rotumba,Southern
Matara,Sultanagoda,Southern
Matara,Telijjawila,Southern
Matara,Thihagoda,Southern
Matara,Urubokka,Southern
Matara,Urugamuwa,Southern
Matara,Urumutta,Southern
Matara,Viharahena,Southern
Matara,Walakanda,Southern
Matara,Walasgala,Southern
Matara,Waralla,Southern
Matara,Weligama,Southern
Matara,Wilpita,Southern
Matara,Yatiyana,Southern
Badulla,Akkarasiyaya,Uva
Badulla,Aluketiyawa,Uva
Badulla,Aluttaramma,Uva
Badulla,Ambadandegama,Uva
Badulla,Ambagasdowa,Uva
Badulla,Arawa,Uva
Badulla,Arawakumbura,Uva
Badulla,Arawatta,Uva
Badulla,Atakiriya,Uva
Badulla,Badulla,Uva
Badulla,Baduluoya,Uva
Badulla,Ballaketuwa,Uva
Badulla,Bambarapana,Uva
Badulla,Bandarawela,Uva
Badulla,Beramada,Uva
Badulla,Bibilegama,Uva
Badulla,Boragas,Uva
Badulla,Boralanda,Uva
Badulla,Bowela,Uva
Badulla,Central Camp,Uva
Badulla,Damanewela,Uva
Badulla,Dambana,Uva
Badulla,Dehiattakandiya,Uva
Badulla,Demodara,Uva
Badulla,Diganatenna,Uva
Badulla,Dikkapitiya,Uva
Badulla,Dimbulana,Uva
Badulla,Divulapelessa,Uva
Badulla,Diyatalawa,Uva
Badulla,Dulgolla,Uva
Badulla,Ekiriyankumbura,Uva
Badulla,Ella,Uva
Badulla,Ettampitiya,Uva
Badulla,Galauda,Uva
Badulla,Galporuyaya,Uva
Badulla,Gawarawela,Uva
Badulla,Girandurukotte,Uva
Badulla,Godunna,Uva
Badulla,Gurutalawa,Uva
Badulla,Haldummulla,Uva
Badulla,Hali Ela,Uva
Badulla,Hangunnawa,Uva
Badulla,Haputale,Uva
Badulla,Hebarawa,Uva
Badulla,Heeloya,Uva
Badulla,Helahalpe,Uva
Badulla,Helapupula,Uva
Badulla,Hopton,Uva
Badulla,Idalgashinna,Uva
Badulla,Kahataruppa,Uva
Badulla,Kalugahakandura,Uva
Badulla,Kalupahana,Uva
Badulla,Kebillawela,Uva
Badulla,Kendagolla,Uva
Badulla,Keselpotha,Uva
Badulla,Ketawatta,Uva
Badulla,Kiriwanagama,Uva
Badulla,Koslanda,Uva
Badulla,Kuruwitenna,Uva
Badulla,Kuttiyagolla,Uva
Badulla,Landewela,Uva
Badulla,Liyangahawela,Uva
Badulla,Lunugala,Uva
Badulla,Lunuwatta,Uva
Badulla,Madulsima,Uva
Badulla,Mahiyanganaya,Uva
Badulla,Makulella,Uva
Badulla,Malgoda,Uva
Badulla,Mapakadawewa,Uva
Badulla,Maspanna,Uva
Badulla,Maussagolla,Uva
Badulla,Mawanagama,Uva
Badulla,Medawela Udukinda,Uva
Badulla,Meegahakiula,Uva
Badulla,Metigahatenna,Uva
Badulla,Mirahawatta,Uva
Badulla,Miriyabedda,Uva
Badulla,Nawamedagama,Uva
Badulla,Nelumgama,Uva
Badulla,Nikapotha,Uva
Badulla,Nugatalawa,Uva
Badulla,Ohiya,Uva
Badulla,Pahalarathkinda,Uva
Badulla,Pallekiruwa,Uva
Badulla,Passara,Uva
Badulla,Pattiyagedara,Uva
Badulla,Pelagahatenna,Uva
Badulla,Perawella,Uva
Badulla,Pitamaruwa,Uva
Badulla,Pitapola,Uva
Badulla,Puhulpola,Uva
Badulla,Rajagalatenna,Uva
Badulla,Ratkarawwa,Uva
Badulla,Ridimaliyadda,Uva
Badulla,Silmiyapura,Uva
Badulla,Sirimalgoda,Uva
Badulla,Siripura,Uva
Badulla,Sorabora Colony,Uva
Badulla,Soragune,Uva
Badulla,Soranatota,Uva
Badulla,Taldena,Uva
Badulla,Timbirigaspitiya,Uva
Badulla,Uduhawara,Uva
Badulla,Uraniya,Uva
Badulla,Uva Karandagolla,Uva
Badulla,Uva Mawelagama,Uva
Badulla,Uva Tenna,Uva
Badulla,Uva Tissapura,Uva
Badulla,Welimada,Uva
Badulla,Werunketagoda,Uva
Badulla,Wewatta,Uva
Badulla,Wineethagama,Uva
Badulla,Yalagamuwa,Uva
Badulla,Yalwela,Uva
Monaragala,Ayiwela,Uva
Monaragala,Badalkumbura,Uva
Monaragala,Baduluwela,Uva
Monaragala,Bakinigahawela,Uva
Monaragala,Balaharuwa,Uva
Monaragala,Bibile,Uva
Monaragala,Buddama,Uva
Monaragala,Buttala,Uva
Monaragala,Dambagalla,Uva
Monaragala,Diyakobala,Uva
Monaragala,Dombagahawela,Uva
Monaragala,Ethimalewewa,Uva
Monaragala,Ettiliwewa,Uva
Monaragala,Galabedda,Uva
Monaragala,Gamewela,Uva
Monaragala,Hambegamuwa,Uva
Monaragala,Hingurukaduwa,Uva
Monaragala,Hulandawa,Uva
Monaragala,Inginiyagala,Uva
Monaragala,Kandaudapanguwa,Uva
Monaragala,Kandawinna,Uva
Monaragala,Kataragama,Uva
Monaragala,Kotagama,Uva
Monaragala,Kotamuduna,Uva
Monaragala,Kotawehera Mankada,Uva
Monaragala,Kudawewa,Uva
Monaragala,Kumbukkana,Uva
Monaragala,Marawa,Uva
Monaragala,Mariarawa,Uva
Monaragala,Medagana,Uva
Monaragala,Medawelagama,Uva
Monaragala,Miyanakandura,Uva
Monaragala,Monaragala,Uva
Monaragala,Moretuwegama,Uva
Monaragala,Nakkala,Uva
Monaragala,Namunukula,Uva
Monaragala,Nannapurawa,Uva
Monaragala,Nelliyadda,Uva
Monaragala,Nilgala,Uva
Monaragala,Obbegoda,Uva
Monaragala,Okkampitiya,Uva
Monaragala,Pangura,Uva
Monaragala,Pitakumbura,Uva
Monaragala,Randeniya,Uva
Monaragala,Ruwalwela,Uva
Monaragala,Sella Kataragama,Uva
Monaragala,Siyambalagune,Uva
Monaragala,Siyambalanduwa,Uva
Monaragala,Suriara,Uva
Monaragala,Tanamalwila,Uva
Monaragala,Uva Gangodagama,Uva
Monaragala,Uva Kudaoya,Uva
Monaragala,Uva Pelwatta,Uva
Monaragala,Warunagama,Uva
Monaragala,Wedikumbura,Uva
Monaragala,Weherayaya Handapanagala,Uva
Monaragala,Wellawaya,Uva
Monaragala,Wilaoya,Uva
Monaragala,Yudaganawa,Uva
Colombo,Akarawita,Western
Colombo,Ambalangoda,Western
Colombo,Athurugiriya,Western
Colombo,Avissawella,Western
Colombo,Batawala,Western
Colombo,Battaramulla,Western
Colombo,Biyagama,Western
Colombo,Bope,Western
Colombo,Boralesgamuwa,Western
Colombo,Colombo,Western
Colombo,Colombo 1,Western
Colombo,Colombo 10,Western
Colombo,Colombo 11,Western
Colombo,Colombo 12,Western
Colombo,Colombo 13,Western
Colombo,Colombo 14,Western
Colombo,Colombo 15,Western
Colombo,Colombo 2,Western
Colombo,Colombo 3,Western
Colombo,Colombo 4,Western
Colombo,Colombo 5,Western
Colombo,Colombo 6,Western
Colombo,Colombo 7,Western
Colombo,Colombo 8,Western
Colombo,Colombo 9,Western
Colombo,Dedigamuwa,Western
Colombo,Dehiwala,Western
Colombo,Deltara,Western
Colombo,Habarakada,Western
Colombo,Hanwella,Western
Colombo,Hiripitya,Western
Colombo,Hokandara,Western
Colombo,Homagama,Western
Colombo,Horagala,Western
Colombo,Kaduwela,Western
Colombo,Kaluaggala,Western
Colombo,Kapugoda,Western
Colombo,Kehelwatta,Western
Colombo,Kiriwattuduwa,Western
Colombo,Kolonnawa,Western
Colombo,Kosgama,Western
Colombo,Madapatha,Western
Colombo,Maharagama,Western
Colombo,Malabe,Western
Colombo,Moratuwa,Western
Colombo,Mount Lavinia,Western
Colombo,Mullegama,Western
Colombo,Napawela,Western
Colombo,Nugegoda,Western
Colombo,Padukka,Western
Colombo,Pannipitiya,Western
Colombo,Piliyandala,Western
Colombo,Pitipana Homagama,Western
Colombo,Polgasowita,Western
Colombo,Pugoda,Western
Colombo,Ranala,Western
Colombo,Siddamulla,Western
Colombo,Siyambalagoda,Western
Colombo,Sri Jayawardenepu,Western
Colombo,Talawatugoda,Western
Colombo,Tummodara,Western
Colombo,Waga,Western
Gampaha,Akaragama,Western
Gampaha,Ambagaspitiya,Western
Gampaha,Ambepussa,Western
Gampaha,Andiambalama,Western
Gampaha,Attanagalla,Western
Gampaha,Badalgama,Western
Gampaha,Banduragoda,Western
Gampaha,Batuwatta,Western
Gampaha,Bemmulla,Western
Gampaha,Biyagama IPZ,Western
Gampaha,Bokalagama,Western
Gampaha,Bollete (WP),Western
Gampaha,Bopagama,Western
Gampaha,Buthpitiya,Western
Gampaha,Dagonna,Western
Gampaha,Danowita,Western
Gampaha,Debahera,Western
Gampaha,Dekatana,Western
Gampaha,Delgoda,Western
Gampaha,Delwagura,Western
Gampaha,Demalagama,Western
Gampaha,Demanhandiya,Western
Gampaha,Dewalapola,Western
Gampaha,Divulapitiya,Western
Gampaha,Divuldeniya,Western
Gampaha,Dompe,Western
Gampaha,Dunagaha,Western
Gampaha,Ekala,Western
Gampaha,Ellakkala,Western
Gampaha,Essella,Western
Gampaha,Galedanda,Western
Gampaha,Gampaha,Western
Gampaha,Ganemulla,Western
Gampaha,Giriulla,Western
Gampaha,Gonawala,Western
Gampaha,Halpe,Western
Gampaha,Hapugastenna,Western
Gampaha,Heiyanthuduwa,Western
Gampaha,Hinatiyana Madawala,Western
Gampaha,Hiswella,Western
Gampaha,Horampella,Western
Gampaha,Hunumulla,Western
Gampaha,Hunupola,Western
Gampaha,Ihala Madampella,Western
Gampaha,Imbulgoda,Western
Gampaha,Ja-Ela,Western
Gampaha,Kadawatha,Western
Gampaha,Kahatowita,Western
Gampaha,Kalagedihena,Western
Gampaha,Kaleliya,Western
Gampaha,Kandana,Western
Gampaha,Katana,Western
Gampaha,Katudeniya,Western
Gampaha,Katunayake,Western
Gampaha,Katunayake Air Force Camp,Western
Gampaha,Katunayake(FTZ),Western
Gampaha,Katuwellegama,Western
Gampaha,Kelaniya,Western
Gampaha,Kimbulapitiya,Western
Gampaha,Kirindiwela,Western
Gampaha,Kitalawalana,Western
Gampaha,Kochchikade,Western
Gampaha,Kotadeniyawa,Western
Gampaha,Kotugoda,Western
Gampaha,Kumbaloluwa,Western
Gampaha,Loluwagoda,Western
Gampaha,Mabodale,Western
Gampaha,Madelgamuwa,Western
Gampaha,Makewita,Western
Gampaha,Makola,Western
Gampaha,Malwana,Western
Gampaha,Mandawala,Western
Gampaha,Marandagahamula,Western
Gampaha,Mellawagedara,Western
Gampaha,Minuwangoda,Western
Gampaha,Mirigama,Western
Gampaha,Miriswatta,Western
Gampaha,Mithirigala,Western
Gampaha,Muddaragama,Western
Gampaha,Mudungoda,Western
Gampaha,Mulleriyawa New Town,Western
Gampaha,Naranwala,Western
Gampaha,Nawana,Western
Gampaha,Nedungamuwa,Western
Gampaha,Negombo,Western
Gampaha,Nikadalupotha,Western
Gampaha,Nikahetikanda,Western
Gampaha,Nittambuwa,Western
Gampaha,Niwandama,Western
Gampaha,Opatha,Western
Gampaha,Pamunugama,Western
Gampaha,Pamunuwatta,Western
Gampaha,Panawala,Western
Gampaha,Pasyala,Western
Gampaha,Peliyagoda,Western
Gampaha,Pepiliyawala,Western
Gampaha,Pethiyagoda,Western
Gampaha,Polpithimukulana,Western
Gampaha,Puwakpitiya,Western
Gampaha,Radawadunna,Western
Gampaha,Radawana,Western
Gampaha,Raddolugama,Western
Gampaha,Ragama,Western
Gampaha,Ruggahawila,Western
Gampaha,Seeduwa,Western
Gampaha,Siyambalape,Western
Gampaha,Talahena,Western
Gampaha,Thambagalla,Western
Gampaha,Thimbirigaskatuwa,Western
Gampaha,Tittapattara,Western
Gampaha,Udathuthiripitiya,Western
Gampaha,Udugampola,Western
Gampaha,Uggalboda,Western
Gampaha,Urapola,Western
Gampaha,Uswetakeiyawa,Western
Gampaha,Veyangoda,Western
Gampaha,Walgammulla,Western
Gampaha,Walpita,Western
Gampaha,Walpola (WP),Western
Gampaha,Wathurugama,Western
Gampaha,Watinapaha,Western
Gampaha,Wattala,Western
Gampaha,Weboda,Western
Gampaha,Wegowwa,Western
Gampaha,Weweldeniya,Western
Gampaha,Yakkala,Western
Gampaha,Yatiyana,Western
Kalutara,Agalawatta,Western
Kalutara,Alubomulla,Western
Kalutara,Anguruwatota,Western
Kalutara,Atale,Western
Kalutara,Baduraliya,Western
Kalutara,Bandaragama,Western
Kalutara,Batugampola,Western
Kalutara,Bellana,Western
Kalutara,Beruwala,Western
Kalutara,Bolossagama,Western
Kalutara,Bombuwala,Western
Kalutara,Boralugoda,Western
Kalutara,Bulathsinhala,Western
Kalutara,Danawala Thiniyawala,Western
Kalutara,Delmella,Western
Kalutara,Dharga Town,Western
Kalutara,Diwalakada,Western
Kalutara,Dodangoda,Western
Kalutara,Dombagoda,Western
Kalutara,Ethkandura,Western
Kalutara,Galpatha,Western
Kalutara,Gamagoda,Western
Kalutara,Gonagalpura,Western
Kalutara,Gonapola Junction,Western
Kalutara,Govinna,Western
Kalutara,Gurulubadda,Western
Kalutara,Halkandawila,Western
Kalutara,Haltota,Western
Kalutara,Halvitigala Colony,Western
Kalutara,Halwala,Western
Kalutara,Halwatura,Western
Kalutara,Handapangoda,Western
Kalutara,Hedigalla Colony,Western
Kalutara,Henegama,Western
Kalutara,Hettimulla,Western
Kalutara,Horana,Western
Kalutara,Ittapana,Western
Kalutara,Kahawala,Western
Kalutara,Kalawila Kiranthidiya,Western
Kalutara,Kalutara,Western
Kalutara,Kananwila,Western
Kalutara,Kandanagama,Western
Kalutara,Kelinkanda,Western
Kalutara,Kitulgoda,Western
Kalutara,Koholana,Western
Kalutara,Kuda Uduwa,Western
Kalutara,Labbala,Western
Kalutara,lhalahewessa,Western
Kalutara,lnduruwa,Western
Kalutara,lngiriya,Western
Kalutara,Maggona,Western
Kalutara,Mahagama,Western
Kalutara,Mahakalupahana,Western
Kalutara,Maharangalla,Western
Kalutara,Malgalla Talangalla,Western
Kalutara,Matugama,Western
Kalutara,Meegahatenna,Western
Kalutara,Meegama,Western
Kalutara,Meegoda,Western
Kalutara,Millaniya,Western
Kalutara,Millewa,Western
Kalutara,Miwanapalana,Western
Kalutara,Molkawa,Western
Kalutara,Morapitiya,Western
Kalutara,Morontuduwa,Western
Kalutara,Nawattuduwa,Western
Kalutara,Neboda,Western
Kalutara,Padagoda,Western
Kalutara,Pahalahewessa,Western
Kalutara,Paiyagala,Western
Kalutara,Panadura,Western
Kalutara,Pannala,Western
Kalutara,Paragastota,Western
Kalutara,Paragoda,Western
Kalutara,Paraigama,Western
Kalutara,Pelanda,Western
Kalutara,Pelawatta,Western
Kalutara,Pimbura,Western
Kalutara,Pitagaldeniya,Western
Kalutara,Pokunuwita,Western
Kalutara,Poruwedanda,Western
Kalutara,Ratmale,Western
Kalutara,Remunagoda,Western
Kalutara,Talgaswela,Western
Kalutara,Tebuwana,Western
Kalutara,Uduwara,Western
Kalutara,Utumgama,Western
Kalutara,Veyangalla,Western
Kalutara,Wadduwa,Western
Kalutara,Walagedara,Western
Kalutara,Walallawita,Western
Kalutara,Waskaduwa,Western
Kalutara,Welipenna,Western
Kalutara,Weliveriya,Western
Kalutara,Welmilla Junction,Western
Kalutara,Weragala,Western
Kalutara,Yagirala,Western
Kalutara,Yatadolawatta,Western
Kalutara,Yatawara Junction,Western
