app,key,english,sinhala_current,tamil_current,sinhala_corrected,tamil_corrected
public-web  (public site),nav.brand,CareLink Finder,කෙයර්ලින්ක් සොයන්නා,கேர்லிங்க் தேடல்,,
public-web  (public site),nav.signIn,Sign in,පිවිසෙන්න,உள்நுழைக,,
public-web  (public site),nav.signUp,Sign up,ලියාපදිංචි වන්න,பதிவு செய்யுங்கள்,,
public-web  (public site),nav.backHome,Back to home,මුල් පිටුවට ආපසු,முகப்பு பக்கத்திற்குத் திரும்பவும்,,
public-web  (public site),hero.title,Find the right caregiver,සුදුසු සත්කාරකයෙකු සොයන්න,சரியான பராமரிப்பாளரைக் கண்டறியுங்கள்,,
public-web  (public site),hero.subtitle,Tell us what kind of care you need and discover caregivers who match.,"ඔබට අවශ්‍ය සත්කාර වර්ගය කියන්න, ගැළපෙන සත්කාරකයන් සොයාගන්න.","உங்களுக்குத் தேவையான பராமரிப்பு வகையைச் சொல்லுங்கள், பொருந்தக்கூடிய பராமரிப்பாளர்களைக் கண்டறியுங்கள்.",,
public-web  (public site),searchMode.normal,Normal Search,සාමාන්‍ය සෙවීම,வழக்கமான தேடல்,,
public-web  (public site),searchMode.ai,AI Search,AI සෙවීම,AI தேடல்,,
public-web  (public site),searchMode.aiUnavailable,AI Search is temporarily unavailable — try Normal Search instead.,AI සෙවීම දැනට ලබාගත නොහැක — කරුණාකර සාමාන්‍ය සෙවීම භාවිත කරන්න.,AI தேடல் தற்போது கிடைக்கவில்லை — வழக்கமான தேடலைப் பயன்படுத்தவும்.,,
public-web  (public site),normalSearch.patientSection,About the patient (optional),රෝගියා පිළිබඳ තොරතුරු (අත්‍යවශ්‍ය නොවේ),நோயாளி பற்றிய தகவல் (விருப்பத்திற்குரியது),,
public-web  (public site),normalSearch.age,Age,වයස,வயது,,
public-web  (public site),normalSearch.gender,Gender,ස්ත්‍රී/පුරුෂ භාවය,பாலினம்,,
public-web  (public site),normalSearch.genderMale,Male,පුරුෂ,ஆண்,,
public-web  (public site),normalSearch.genderFemale,Female,ස්ත්‍රී,பெண்,,
public-web  (public site),normalSearch.medicalConditions,Medical conditions,සෞඛ්‍ය තත්ත්ව,மருத்துவ நிலைமைகள்,,
public-web  (public site),normalSearch.medicalConditionsPlaceholder,"e.g. Parkinson's, Diabetes — press Enter to add","උදා: පාකින්සන්, දියවැඩියාව — එකතු කිරීමට Enter ඔබන්න","எ.கா: பார்கின்சன், சர்க்கரை நோய் — சேர்க்க Enter அழுத்தவும்",,
public-web  (public site),normalSearch.locationSection,Location,ස්ථානය,இடம்,,
public-web  (public site),normalSearch.district,District,දිස්ත්‍රික්කය,மாவட்டம்,,
public-web  (public site),normalSearch.city,City,නගරය,நகரம்,,
public-web  (public site),normalSearch.anyDistrict,Any district,ඕනෑම දිස්ත්‍රික්කයක්,எந்த மாவட்டமும்,,
public-web  (public site),normalSearch.anyCity,Any city,ඕනෑම නගරයක්,எந்த நகரமும்,,
public-web  (public site),normalSearch.careSection,Care requirements,සත්කාර අවශ්‍යතා,பராமரிப்பு தேவைகள்,,
public-web  (public site),normalSearch.mandatorySkills,Must-have skills,අනිවාර්ය කුසලතා,கட்டாய திறமைகள்,,
public-web  (public site),normalSearch.optionalSkills,Nice-to-have skills,අමතර වශයෙන් අවශ්‍ය කුසලතා,விருப்பமான கூடுதல் திறமைகள்,,
public-web  (public site),normalSearch.preferredGender,Preferred caregiver gender,කැමති සත්කාරක ස්ත්‍රී/පුරුෂ භාවය,விருப்பமான பராமரிப்பாளர் பாலினம்,,
public-web  (public site),normalSearch.genderAny,No preference,කැමැත්තක් නැත,விருப்பம் இல்லை,,
public-web  (public site),normalSearch.languages,Preferred languages,කැමති භාෂා,விருப்பமான மொழிகள்,,
public-web  (public site),normalSearch.shift,Required shift,අවශ්‍ය වේලාව,தேவையான நேரம்,,
public-web  (public site),normalSearch.shiftDay,Day duty,දිවා රාජකාරි,பகல் பணி,,
public-web  (public site),normalSearch.shiftNight,Night duty,රාත්‍රී රාජකාරි,இரவு பணி,,
public-web  (public site),normalSearch.shiftLiveIn,24-hour live-in,පැය 24 නේවාසික,24 மணி நேர தங்கி பராமரிப்பு,,
public-web  (public site),normalSearch.shiftFlexible,Flexible,නිශ්චිත නොවේ,நெகிழ்வானது,,
public-web  (public site),normalSearch.startDate,Desired start date,ආරම්භ කිරීමට බලාපොරොත්තු වන දිනය,தொடங்க விரும்பும் தேதி,,
public-web  (public site),normalSearch.minimumExperience,Minimum experience (years),අවම පළපුරුද්ද (වර්ෂ),குறைந்தபட்ச அனுபவம் (ஆண்டுகள்),,
public-web  (public site),normalSearch.budgetSection,"Budget (influences ranking, not a strict filter)","අයවැය (ශ්‍රේණිගත කිරීමට බලපායි, දැඩි පෙරහනක් නොවේ)","பட்ஜெட் (தரவரிசையை பாதிக்கும், கடுமையான வடிகட்டி அல்ல)",,
public-web  (public site),normalSearch.dailyBudget,Daily budget (LKR),දිනක අයවැය (රු.),நாள் பட்ஜெட் (ரூ.),,
public-web  (public site),normalSearch.monthlyBudget,Monthly budget (LKR),මසක අයවැය (රු.),மாத பட்ஜெட் (ரூ.),,
public-web  (public site),normalSearch.submit,Search caregivers,සත්කාරකයන් සොයන්න,பராமரிப்பாளர்களைத் தேடுங்கள்,,
public-web  (public site),normalSearch.reset,Clear filters,පෙරහන් හිස් කරන්න,வடிகட்டிகளை அழிக்கவும்,,
public-web  (public site),normalSearch.startDateHint,"Required. Availability matching is not live yet, so this does not change results today.","අනිවාර්යයි. ලබාගත හැකිබව ගැන ගැලපීම තවම ක්‍රියාත්මක නොවන නිසා, මෙය දැනට ප්‍රතිඵල වෙනස් කරන්නේ නැත.","கட்டாயம். கிடைப்ப Availability பொருத்தம் இன்னும் செயல்பாட்டில் இல்லை, எனவே இது இன்று முடிவுகளை மாற்றாது.",,
public-web  (public site),normalSearch.errors.districtRequired,Please select a district.,කරුණාකර දිස්ත්‍රික්කයක් තෝරන්න.,ஒரு மாவட்டத்தைத் தேர்ந்தெடுக்கவும்.,,
public-web  (public site),normalSearch.errors.startDateRequired,Please choose a desired start date.,කරුණාකර ආරම්භ කිරීමට බලාපොරොත්තු වන දිනයක් තෝරන්න.,தொடங்க விரும்பும் தேதியைத் தேர்ந்தெடுக்கவும்.,,
public-web  (public site),normalSearch.errors.invalidValue,Please check this value.,කරුණාකර මෙම අගය පරීක්ෂා කරන්න.,இந்த மதிப்பைச் சரிபார்க்கவும்.,,
public-web  (public site),aiSearch.label,Describe the care you need,ඔබට අවශ්‍ය සත්කාරය විස්තර කරන්න,உங்களுக்குத் தேவையான பராமரிப்பை விவரிக்கவும்,,
public-web  (public site),aiSearch.placeholder,Describe the care you need...,ඔබට අවශ්‍ය සත්කාරය විස්තර කරන්න...,உங்களுக்குத் தேவையான பராமரிப்பை விவரிக்கவும்...,,
public-web  (public site),aiSearch.example,"e.g. ""I need a female caregiver in Colombo for my 78 year old mother who has Parkinson's. She needs night care and help with medication and bathing.""","උදා: ""මගේ පාකින්සන් රෝගී මවට කොළඹ ස්ත්‍රී සත්කාරකයෙක් අවශ්‍යයි. ඇයට රාත්‍රී සත්කාර, බෙහෙත් ගැනීම සහ නාන්න උදව් අවශ්‍යයි.""","எ.கா: ""எனது 78 வயது தாய்க்கு பார்கின்சன் நோய் உள்ளது, கொழும்பில் ஒரு பெண் பராமரிப்பாளர் தேவை. இரவு பராமரிப்பு, மருந்து மற்றும் குளிப்பதற்கு உதவி தேவை.""",,
public-web  (public site),aiSearch.submit,Understand my request,විමසුම තේරුම් ගන්න,என் கோரிக்கையைப் புரிந்துகொள்ளுங்கள்,,
public-web  (public site),aiSearch.extractedTitle,Here's what we understood,අප තේරුම් ගත් දේ,நாங்கள் புரிந்துகொண்டது,,
public-web  (public site),aiSearch.extractedPatient,Patient,රෝගියා,நோயாளி,,
public-web  (public site),aiSearch.extractedLocation,Location,ස්ථානය,இடம்,,
public-web  (public site),aiSearch.extractedCare,Care,සත්කාරය,பராமரிப்பு,,
public-web  (public site),aiSearch.extractedPreferences,Preferences,කැමැත්ත,விருப்பங்கள்,,
public-web  (public site),aiSearch.editHint,"Edit anything that doesn't look right, then search.","වැරදි දෙයක් තිබේ නම් සංස්කරණය කර, පසුව සොයන්න.","சரியில்லாத எதையும் திருத்தி, பின் தேடுங்கள்.",,
public-web  (public site),aiSearch.searchWithThis,Search with these requirements,මේ අවශ්‍යතා සමඟ සොයන්න,இந்த தேவைகளுடன் தேடுங்கள்,,
public-web  (public site),aiSearch.extractedLine,Requirement {value},අවශ්‍යතාවය {value},தேவைக்கு {value},,
public-web  (public site),aiSearch.removeLine,Remove {value},{value} ඉවත් කරන්න,{value} நீக்கு,,
public-web  (public site),results.title,Caregivers matching your search,ඔබේ සෙවීමට ගැළපෙන සත්කාරකයන්,உங்கள் தேடலுக்குப் பொருந்தும் பராமரிப்பாளர்கள்,,
public-web  (public site),results.recommendedMatch,Recommended match,නිර්දේශිත ගැළපීම,பரிந்துரைக்கப்பட்ட பொருத்தம்,,
public-web  (public site),results.whyThisMatches,Why this matches,මෙය ගැළපෙන්නේ ඇයි,இது ஏன் பொருந்துகிறது,,
public-web  (public site),results.verifiedQualification,Verified Qualification,සත්‍යාපිත සුදුසුකම්,சரிபார்க்கப்பட்ட தகுதி,,
public-web  (public site),results.yearsExperience,{years} years experience,වර්ෂ {years} පළපුරුද්ද,{years} ஆண்டு அனுபவம்,,
public-web  (public site),results.viewProfile,View profile,පැතිකඩ බලන්න,சுயவிவரத்தைப் பார்க்கவும்,,
public-web  (public site),results.page,Page {page} of {totalPages},පිටුව {page} න් {totalPages},பக்கம் {page} / {totalPages},,
public-web  (public site),results.previous,Previous,පෙර,முந்தைய,,
public-web  (public site),results.next,Next,ඊළඟ,அடுத்தது,,
public-web  (public site),results.approxAge,{age} years,වයස {age},வயது {age},,
public-web  (public site),empty.title,No caregivers matched those filters,එම පෙරහන් සමඟ සත්කාරකයන් හමු නොවීය,அந்த வடிகட்டிகளுடன் பராமரிப்பாளர்கள் கிடைக்கவில்லை,,
public-web  (public site),empty.subtitle,"Try widening the location, or removing a must-have skill.","ස්ථානය පුළුල් කරන්න, හෝ අනිවාර්ය කුසලතාවක් ඉවත් කරන්න.","இடத்தை விரிவாக்கவும், அல்லது ஒரு கட்டாய திறமையை அகற்றவும்.",,
public-web  (public site),empty.action,Clear filters,පෙරහන් හිස් කරන්න,வடிகட்டிகளை அழிக்கவும்,,
public-web  (public site),error.title,Something went wrong,දෝෂයක් සිදු විය,ஏதோ தவறு நடந்தது,,
public-web  (public site),error.subtitle,We couldn't complete that search. Please try again.,එම සෙවීම සම්පූර්ණ කළ නොහැකි විය. කරුණාකර නැවත උත්සාහ කරන්න.,அந்த தேடலை முடிக்க முடியவில்லை. மீண்டும் முயற்சிக்கவும்.,,
public-web  (public site),error.retry,Try again,නැවත උත්සාහ කරන්න,மீண்டும் முயற்சிக்கவும்,,
public-web  (public site),loading.searching,Searching for caregivers...,සත්කාරකයන් සොයමින්...,பராமரிப்பாளர்களைத் தேடுகிறது...,,
public-web  (public site),loading.extracting,Understanding your request...,ඔබේ විමසුම තේරුම් ගනිමින්...,உங்கள் கோரிக்கையைப் புரிந்துகொள்கிறது...,,
public-web  (public site),profile.backToResults,Back to results,ප්‍රතිඵල වලට ආපසු,முடிவுகளுக்குத் திரும்பு,,
public-web  (public site),profile.anonymousId,Caregiver {id},සත්කාරක {id},பராமரிப்பாளர் {id},,
public-web  (public site),profile.district,District,දිස්ත්‍රික්කය,மாவட்டம்,,
public-web  (public site),profile.city,City,නගරය,நகரம்,,
public-web  (public site),profile.preferredLocations,Preferred work locations,කැමති සේවා ස්ථාන,விருப்பமான பணி இடங்கள்,,
public-web  (public site),profile.languages,Languages,භාෂා,மொழிகள்,,
public-web  (public site),profile.skills,Skills,කුසලතා,திறமைகள்,,
public-web  (public site),profile.relevantExperience,Relevant experience,අදාළ පළපුරුද්ද,தொடர்புடைய அனுபவம்,,
public-web  (public site),profile.availability,Availability,ලබාගත හැකි කාලය,கிடைக்கும் நேரம்,,
public-web  (public site),profile.qualifications,Qualifications,සුදුසුකම්,தகுதிகள்,,
public-web  (public site),profile.contactCta,Sign up to contact this caregiver,මෙම සත්කාරකයා අමතන්න සඳහා ලියාපදිංචි වන්න,இந்த பராமரிப்பாளரைத் தொடர்பு கொள்ள பதிவு செய்யுங்கள்,,
public-web  (public site),profile.saveCta,Sign up to save this caregiver,මෙම සත්කාරකයා සුරැකීමට ලියාපදිංචි වන්න,இந்த பராமரிப்பாளரைச் சேமிக்க பதிவு செய்யுங்கள்,,
public-web  (public site),profile.notFound,This caregiver profile isn't available.,මෙම සත්කාරක පැතිකඩ ලබාගත නොහැක.,இந்த பராமரிப்பாளர் சுயவிவரம் கிடைக்கவில்லை.,,
public-web  (public site),profile.availabilityDay,Day duty,දෛන්දා රැකියාව,பகல் பணி,,
public-web  (public site),profile.availabilityNight,Night duty,රාත්‍රී රැකියාව,இரவுப் பணி,,
public-web  (public site),profile.availabilityLiveIn,24-hour live-in,පැය 24 නියම,24 மணி நேர பணி,,
public-web  (public site),registrationGate.title,Create a free account to continue,දිගටම කරගෙන යාමට නොමිලේ ගිණුමක් සාදන්න,தொடர இலவச கணக்கை உருவாக்கவும்,,
public-web  (public site),registrationGate.body,"Signing up lets you contact caregivers, save favorites, and send a hire request. Searching stays free and anonymous.","ලියාපදිංචි වීමෙන් ඔබට සත්කාරකයන් අමතන්න, ප්‍රියතම ලෙස සුරකින්න සහ බඳවා ගැනීමේ ඉල්ලීමක් යැවිය හැක. සෙවීම නොමිලේ හා නිර්නාමිකව පවතී.","பதிவு செய்வதால் நீங்கள் பராமரிப்பாளர்களைத் தொடர்பு கொள்ளலாம், விருப்பமானவற்றைச் சேமிக்கலாம், பணியமர்த்தல் கோரிக்கை அனுப்பலாம். தேடுவது இலவசமாகவும் அநாமதேயமாகவும் இருக்கும்.",,
public-web  (public site),registrationGate.signUp,Sign up,ලියාපදිංචි වන්න,பதிவு செய்யுங்கள்,,
public-web  (public site),registrationGate.signIn,Sign in,පිවිසෙන්න,உள்நுழைக,,
public-web  (public site),registrationGate.cancel,Not now,දැන් නොවේ,இப்போது இல்லை,,
public-web  (public site),sections.howItWorksTitle,How it works,මෙය ක්‍රියා කරන ආකාරය,இது எப்படி செயல்படுகிறது,,
public-web  (public site),sections.howItWorksStep1Title,Describe your care needs,ඔබේ සත්කාර අවශ්‍යතා විස්තර කරන්න,உங்கள் பராமரிப்பு தேவைகளை விவரிக்கவும்,,
public-web  (public site),sections.howItWorksStep1Body,Use structured filters or plain language — whichever is easier.,පෙරහන් හෝ සරල භාෂාව භාවිත කරන්න — ඕන එකක්.,கட்டமைக்கப்பட்ட வடிகட்டிகள் அல்லது எளிய மொழியைப் பயன்படுத்தவும் — எது எளிதோ அது.,,
public-web  (public site),sections.howItWorksStep2Title,Review ranked matches,ශ්‍රේණිගත ගැළපීම් සමාලෝචනය කරන්න,தரவரிசைப்படுத்தப்பட்ட பொருத்தங்களை மதிப்பாய்வு செய்யுங்கள்,,
public-web  (public site),sections.howItWorksStep2Body,"See caregivers ranked by fit, with a clear explanation for each.",සුදුසුකම අනුව ශ්‍රේණිගත කළ සත්කාරකයන් හා පැහැදිලි හේතුවක් සමඟ බලන්න.,"பொருத்தத்தின் அடிப்படையில் தரவரிசைப்படுத்தப்பட்ட பராமரிப்பாளர்களை, தெளிவான காரணத்துடன் பார்க்கவும்.",,
public-web  (public site),sections.howItWorksStep3Title,Connect when you're ready,සූදානම් වූ විට සම්බන්ධ වන්න,நீங்கள் தயாராகும்போது இணைக்கவும்,,
public-web  (public site),sections.howItWorksStep3Body,Create a free account to contact or hire a caregiver.,සත්කාරකයෙකු අමතන්න හෝ බඳවා ගැනීමට නොමිලේ ගිණුමක් සාදන්න.,பராமரிப்பாளரைத் தொடர்பு கொள்ள அல்லது பணியமர்த்த இலவச கணக்கை உருவாக்கவும்.,,
public-web  (public site),sections.verifiedTitle,Why verified qualifications matter,සත්‍යාපිත සුදුසුකම් වැදගත් වන්නේ ඇයි,சரிபார்க்கப்பட்ட தகுதிகள் ஏன் முக்கியம்,,
public-web  (public site),sections.verifiedBody,Caregivers with a verified qualification have had their credentials checked against the issuing institution. We show this clearly so you can weigh it in your decision.,සත්‍යාපිත සුදුසුකම් ඇති සත්කාරකයන්ගේ සහතික නිකුත් කළ ආයතනය සමඟ පරීක්ෂා කර ඇත. ඔබේ තීරණයේදී එය සලකා බැලීමට අපි එය පැහැදිලිව පෙන්වමු.,சரிபார்க்கப்பட்ட தகுதி உள்ள பராமரிப்பாளர்களின் சான்றிதழ்கள் வழங்கிய நிறுவனத்துடன் சரிபார்க்கப்பட்டுள்ளன. உங்கள் முடிவில் அதை கருத்தில் கொள்ள இதை தெளிவாகக் காட்டுகிறோம்.,,
public-web  (public site),sections.safetyTitle,Safety & privacy,ආරක්ෂාව සහ පුද්ගලිකත්වය,பாதுகாப்பு & தனியுரிமை,,
public-web  (public site),sections.safetyBody,"We never show a caregiver's contact details, address, or identification documents publicly. Sensitive health information is kept separate and is never part of public search.","සත්කාරකයෙකුගේ සම්බන්ධතා විස්තර, ලිපිනය, හෝ හඳුනාගැනීමේ ලේඛන අපි කිසි විටෙක ප්‍රසිද්ධියේ පෙන්වන්නේ නැත. සංවේදී සෞඛ්‍ය තොරතුරු වෙන්ව තබා ඇති අතර, ප්‍රසිද්ධ සෙවීමේ කිසි විටෙකත් කොටසක් නොවේ.","பராமரிப்பாளரின் தொடர்பு விவரங்கள், முகவரி, அல்லது அடையாள ஆவணங்களை நாங்கள் பொதுவில் காட்டுவதில்லை. முக்கியமான மருத்துவத் தகவல் தனியாக வைக்கப்பட்டு, பொது தேடலில் ஒருபோதும் இடம்பெறாது.",,
public-web  (public site),sections.multilingualTitle,Available in your language,ඔබේ භාෂාවෙන් ලබාගත හැක,உங்கள் மொழியில் கிடைக்கிறது,,
public-web  (public site),sections.multilingualBody,"This site works in English, Sinhala, and Tamil.","මෙම වෙබ් අඩවිය සිංහල, දෙමළ සහ ඉංග්‍රීසි භාෂාවලින් ක්‍රියා කරයි.","இந்த தளம் தமிழ், சிங்களம் மற்றும் ஆங்கிலத்தில் செயல்படுகிறது.",,
public-web  (public site),sections.ctaTitle,Ready to find the right caregiver?,සුදුසු සත්කාරකයෙකු සොයාගැනීමට සූදානම්ද?,சரியான பராமரிப்பாளரைக் கண்டறியத் தயாரா?,,
public-web  (public site),sections.ctaBody,Start with a search above — no account needed.,ඉහත සෙවීමකින් ආරම්භ කරන්න — ගිණුමක් අවශ්‍ය නොවේ.,மேலே ஒரு தேடலுடன் தொடங்குங்கள் — கணக்கு தேவையில்லை.,,
public-web  (public site),sections.ctaButton,Start searching,සෙවීම ආරම්භ කරන්න,தேடலைத் தொடங்குங்கள்,,
public-web  (public site),footer.disclaimer,Search results are ranked automatically based on the filters you provide. They are not a recommendation or guarantee of fit.,ප්‍රතිඵල ඔබ ලබා දෙන පෙරහන් මත පදනම්ව ස්වයංක්‍රීයව ශ්‍රේණිගත කර ඇත. එය නිර්දේශයක් හෝ ගැළපීමේ සහතිකයක් නොවේ.,நீங்கள் வழங்கும் வடிகட்டிகளின் அடிப்படையில் முடிவுகள் தானாகவே தரவரிசைப்படுத்தப்படுகின்றன. இது ஒரு பரிந்துரை அல்லது பொருத்தத்திற்கான உத்தரவாதம் அல்ல.,,
public-web  (public site),footer.navLabel,Footer,පාදක,பாதம்,,
public-web  (public site),footer.finder,Find a caregiver,රැකියාත්තයෙකු සොයන්න,பராமரிப்புப் பணியாளரைத் தேடுங்கள்,,
public-web  (public site),footer.apiDocs,API docs,API ලේඛන,API ஆவணங்கள்,,
public-web  (public site),register.heroTitle,Find and hire the right caregiver for your family,ඔබේ පවුලට සුදුසු සත්කාරකයෙකු සොයා ගන්න,உங்கள் குடும்பத்திற்கு ஏற்ற பராமரிப்பாளரைக் கண்டறியுங்கள்,,
public-web  (public site),register.heroSubtitle,"Create a free account to contact caregivers directly, save your favorites, and send hire requests.","සත්කාරකයන් සමඟ සෘජුව සම්බන්ධ වීමට, ප්‍රියතමයන් සුරැකීමට සහ බඳවා ගැනීමේ ඉල්ලීම් යැවීමට නොමිලේ ගිණුමක් සාදන්න.","பராமரிப்பாளர்களை நேரடியாக தொடர்பு கொள்ள, விருப்பமானவற்றைச் சேமிக்க, பணியமர்த்தல் கோரிக்கைகள் அனுப்ப இலவச கணக்கை உருவாக்குங்கள்.",,
public-web  (public site),register.heroImageAlt,Hero banner image placeholder,හීරෝ බැනර් රූපයේ ස්ථානය,ஹீரோ பேனர் படத்திற்கான இடம்,,
public-web  (public site),register.heroCta,Create your free account,ඔබේ නොමිලේ ගිණුම සාදන්න,உங்கள் இலவச கணக்கை உருவாக்குங்கள்,,
public-web  (public site),register.benefit1Title,Contact caregivers directly,සත්කාරකයන් සෘජුව අමතන්න,பராமரிப்பாளர்களை நேரடியாக தொடர்பு கொள்ளுங்கள்,,
public-web  (public site),register.benefit1Body,Reach out to any caregiver in your search results once you're signed up.,ලියාපදිංචි වූ පසු ඔබේ සෙවුම් ප්‍රතිඵලවල ඕනෑම සත්කාරකයෙකු අමතන්න.,பதிவு செய்த பிறகு உங்கள் தேடல் முடிவுகளில் உள்ள எந்த பராமரிப்பாளரையும் தொடர்பு கொள்ளுங்கள்.,,
public-web  (public site),register.benefit2Title,Save your favorites,ඔබේ ප්‍රියතමයන් සුරකින්න,உங்கள் விருப்பமானவற்றைச் சேமிக்கவும்,,
public-web  (public site),register.benefit2Body,Keep a shortlist of caregivers you're considering and come back to them anytime.,ඔබ සලකා බලන සත්කාරකයන්ගේ ලැයිස්තුවක් තබාගෙන ඕනෑම වේලාවක නැවත පැමිණෙන්න.,நீங்கள் பரிசீலிக்கும் பராமரிப்பாளர்களின் பட்டியலை வைத்திருந்து எப்போது வேண்டுமானாலும் திரும்பி வாருங்கள்.,,
public-web  (public site),register.benefit3Title,Send a hire request,බඳවා ගැනීමේ ඉල්ලීමක් යවන්න,பணியமர்த்தல் கோரிக்கை அனுப்புங்கள்,,
public-web  (public site),register.benefit3Body,Start the hiring conversation directly through CareLink Finder.,කෙයර්ලින්ක් සොයන්නා හරහාම බඳවා ගැනීමේ සංවාදය ආරම්භ කරන්න.,கேர்லிங்க் ஃபைண்டர் மூலமாகவே பணியமர்த்தல் உரையாடலைத் தொடங்குங்கள்.,,
public-web  (public site),register.formTitle,Create your account,ඔබේ ගිණුම සාදන්න,உங்கள் கணக்கை உருவாக்குங்கள்,,
public-web  (public site),register.formSubtitle,It only takes a minute — searching stays free either way.,විනාඩියක් පමණක් ගතවේ — දෙයාකාරයටම සෙවීම නොමිලේ පවතී.,ஒரு நிமிடம் மட்டுமே ஆகும் — தேடுவது எப்படியும் இலவசமாகவே இருக்கும்.,,
public-web  (public site),register.fullName,Full name,සම්පූර්ණ නම,முழுப் பெயர்,,
public-web  (public site),register.email,Email address,විද්‍යුත් තැපැල් ලිපිනය,மின்னஞ்சல் முகவரி,,
public-web  (public site),register.phone,Phone number (optional),දුරකථන අංකය (විකල්ප),தொலைபேசி எண் (விருப்பத்திற்குரியது),,
public-web  (public site),register.password,Password,මුරපදය,கடவுச்சொல்,,
public-web  (public site),register.confirmPassword,Confirm password,මුරපදය තහවුරු කරන්න,கடவுச்சொல்லை உறுதிப்படுத்தவும்,,
public-web  (public site),register.consentLabel,I agree to the data processing consent and terms of use.,දත්ත සැකසීමේ එකඟතාවයට සහ භාවිත නියමයන්ට මම එකඟ වෙමි.,தரவு செயலாக்க ஒப்புதல் மற்றும் பயன்பாட்டு விதிமுறைகளுக்கு நான் ஒப்புக்கொள்கிறேன்.,,
public-web  (public site),register.submit,Create account,ගිණුම සාදන්න,கணக்கை உருவாக்கு,,
public-web  (public site),register.alreadyHaveAccount,Already have an account?,දැනටමත් ගිණුමක් තිබේද?,ஏற்கனவே கணக்கு உள்ளதா?,,
public-web  (public site),register.signIn,Sign in,පිවිසෙන්න,உள்நுழைக,,
public-web  (public site),register.successTitle,Check your email,ඔබේ විද්‍යුත් තැපෑල පරීක්ෂා කරන්න,உங்கள் மின்னஞ்சலைச் சரிபார்க்கவும்,,
public-web  (public site),register.successBody,We've sent a verification link to your email address. Verify it to activate your account and sign in.,අපි ඔබේ විද්‍යුත් තැපැල් ලිපිනයට තහවුරු කිරීමේ සබැඳියක් යවා ඇත. ඔබේ ගිණුම සක්‍රීය කර පිවිසීමට එය තහවුරු කරන්න.,உங்கள் மின்னஞ்சல் முகவரிக்கு ஒரு சரிபார்ப்பு இணைப்பை அனுப்பியுள்ளோம். உங்கள் கணக்கை செயல்படுத்த அதை சரிபார்க்கவும்.,,
public-web  (public site),register.devLinkLabel,Development mode — verification link,සංවර්ධන ප්‍රකාරය — තහවුරු කිරීමේ සබැඳිය,மேம்பாட்டு பயன்முறை — சரிபார்ப்பு இணைப்பு,,
public-web  (public site),register.backHome,Back to home,මුල් පිටුවට,முகப்புக்குத் திரும்பு,,
public-web  (public site),register.validation.fullName,Please enter your full name,කරුණාකර ඔබේ සම්පූර්ණ නම ඇතුළත් කරන්න,உங்கள் முழுப் பெயரை உள்ளிடவும்,,
public-web  (public site),register.validation.email,Please enter a valid email address,කරුණාකර වලංගු විද්‍යුත් තැපැල් ලිපිනයක් ඇතුළත් කරන්න,சரியான மின்னஞ்சல் முகவரியை உள்ளிடவும்,,
public-web  (public site),register.validation.phone,Please enter a valid phone number,කරුණාකර වලංගු දුරකථන අංකයක් ඇතුළත් කරන්න,சரியான தொலைபேசி எண்ணை உள்ளிடவும்,,
public-web  (public site),register.validation.password,Password must be at least 8 characters,මුරපදයේ අවම වශයෙන් අකුරු 8ක් තිබිය යුතුය,கடவுச்சொல் குறைந்தது 8 எழுத்துகள் இருக்க வேண்டும்,,
public-web  (public site),register.validation.passwordMismatch,Passwords do not match,මුරපද නොගැලපේ,கடவுச்சொற்கள் பொருந்தவில்லை,,
public-web  (public site),register.validation.consentRequired,You must accept the consent to continue,දිගටම කරගෙන යාමට ඔබ එකඟතාවය පිළිගත යුතුය,தொடர நீங்கள் ஒப்புதலை ஏற்க வேண்டும்,,
public-web  (public site),login.title,Sign in to your account,ඔබේ ගිණුමට පිවිසෙන්න,உங்கள் கணக்கில் உள்நுழையவும்,,
public-web  (public site),login.subtitle,Welcome back — sign in to manage your saved caregivers and requests.,නැවත සාදරයෙන් පිළිගනිමු — ඔබේ සුරැකි සත්කාරකයන් සහ ඉල්ලීම් කළමනාකරණය කිරීමට පිවිසෙන්න.,மீண்டும் வரவேற்கிறோம் — உங்கள் சேமித்த பராமரிப்பாளர்கள் மற்றும் கோரிக்கைகளை நிர்வகிக்க உள்நுழையவும்.,,
public-web  (public site),login.email,Email address,විද්‍යුත් තැපැල් ලිපිනය,மின்னஞ்சல் முகவரி,,
public-web  (public site),login.password,Password,මුරපදය,கடவுச்சொல்,,
public-web  (public site),login.submit,Sign in,පිවිසෙන්න,உள்நுழைக,,
public-web  (public site),login.noAccount,Don't have an account?,ගිණුමක් නැද්ද?,கணக்கு இல்லையா?,,
public-web  (public site),login.signUp,Sign up,ලියාපදිංචි වන්න,பதிவு செய்யுங்கள்,,
public-web  (public site),login.error,Invalid email or password.,වලංගු නොවන විද්‍යුත් තැපෑල හෝ මුරපදය.,தவறான மின்னஞ்சல் அல்லது கடவுச்சொல்.,,
public-web  (public site),login.unverifiedHint,"If you haven't verified your email yet, check your inbox for the verification link.","ඔබ තවම ඔබේ විද්‍යුත් තැපෑල තහවුරු කර නොමැති නම්, තහවුරු කිරීමේ සබැඳිය සඳහා ඔබේ ඊමේල් පෙට්ටිය පරීක්ෂා කරන්න.","நீங்கள் இன்னும் உங்கள் மின்னஞ்சலை சரிபார்க்கவில்லை என்றால், சரிபார்ப்பு இணைப்புக்காக உங்கள் இன்பாக்ஸைச் சரிபார்க்கவும்.",,
public-web  (public site),verifyEmail.verifying,Verifying your email...,ඔබේ විද්‍යුත් තැපෑල තහවුරු කරමින්...,உங்கள் மின்னஞ்சலை சரிபார்க்கிறது...,,
public-web  (public site),verifyEmail.successTitle,Email verified,විද්‍යුත් තැපෑල තහවුරු කරන ලදී,மின்னஞ்சல் சரிபார்க்கப்பட்டது,,
public-web  (public site),verifyEmail.successBody,Your account is now active and you're signed in.,"ඔබේ ගිණුම දැන් සක්‍රීයයි, ඔබ පිවිසී ඇත.","உங்கள் கணக்கு இப்போது செயலில் உள்ளது, நீங்கள் உள்நுழைந்துள்ளீர்கள்.",,
public-web  (public site),verifyEmail.errorTitle,Verification failed,තහවුරු කිරීම අසාර්ථකයි,சரிபார்ப்பு தோல்வியடைந்தது,,
public-web  (public site),verifyEmail.errorBody,This link is invalid or has expired. Request a new one from the sign-in page.,මෙම සබැඳිය වලංගු නොවේ හෝ කල් ඉකුත් වී ඇත. පිවිසුම් පිටුවෙන් අලුත් එකක් ඉල්ලන්න.,இந்த இணைப்பு தவறானது அல்லது காலாவதியானது. உள்நுழைவு பக்கத்திலிருந்து புதிய இணைப்பைக் கோரவும்.,,
public-web  (public site),verifyEmail.backHome,Back to home,මුල් පිටුවට,முகப்புக்குத் திரும்பு,,
public-web  (public site),verifyEmail.goToLogin,Go to sign in,පිවිසුමට යන්න,உள்நுழைவுக்குச் செல்லுங்கள்,,
public-web  (public site),whatsapp.unavailable,WhatsApp sign-in is not available right now. Please use your email address instead.,WhatsApp පිවිසුම දැනට ලබාගත නොහැක. කරුණාකර ඔබේ ඊමේල් ලිපිනය භාවිතා කරන්න.,WhatsApp உள்நுழைவு தற்போது கிடைக்கவில்லை. தயவுசெய்து உங்கள் மின்னஞ்சல் முகவரியைப் பயன்படுத்தவும்.,,
public-web  (public site),whatsapp.login.title,Sign in with WhatsApp,WhatsApp මගින් පිවිසෙන්න,WhatsApp மூலம் உள்நுழையவும்,,
public-web  (public site),whatsapp.login.subtitle,We'll send a one-time code to your WhatsApp number.,ඔබේ WhatsApp අංකයට එක්-වරක් කේතයක් එවනු ඇත.,உங்கள் WhatsApp எண்ணுக்கு ஒருமுறை பயன்படுத்தும் குறியீடு அனுப்பப்படும்.,,
public-web  (public site),whatsapp.login.phone,WhatsApp number,WhatsApp අංකය,WhatsApp எண்,,
public-web  (public site),whatsapp.login.phoneHint,e.g. 0771234567 or +94771234567,උදා: 0771234567 හෝ +94771234567,எ.கா: 0771234567 அல்லது +94771234567,,
public-web  (public site),whatsapp.login.sendCode,Send code,කේතය එවන්න,குறியீட்டை அனுப்பு,,
public-web  (public site),whatsapp.login.error,Could not send the code. Please try again.,කේතය එවීමට නොහැකි විය. කරුණාකර නැවත උත්සාහ කරන්න.,குறியீட்டை அனுப்ப முடியவில்லை. மீண்டும் முயற்சிக்கவும்.,,
public-web  (public site),whatsapp.login.lostAccess,Lost access to your account?,ගිණුමට ප්‍රවේශය අහිමි වුණාද?,உங்கள் கணக்கிற்கான அணுகலை இழந்துவிட்டீர்களா?,,
public-web  (public site),whatsapp.login.backToWhatsapp,Back to WhatsApp sign-in,WhatsApp පිවිසුමට ආපසු,WhatsApp உள்நுழைவுக்குத் திரும்பு,,
public-web  (public site),whatsapp.login.useEmail,Sign in with email instead,ඒ වෙනුවට ඊමේල් මගින් පිවිසෙන්න,அதற்குப் பதிலாக மின்னஞ்சல் மூலம் உள்நுழையவும்,,
public-web  (public site),whatsapp.login.noEmail,No email address?,ඊමේල් ලිපිනයක් නැද්ද?,மின்னஞ்சல் முகவரி இல்லையா?,,
public-web  (public site),whatsapp.login.useWhatsapp,Sign in with WhatsApp,WhatsApp මගින් පිවිසෙන්න,WhatsApp மூலம் உள்நுழையவும்,,
public-web  (public site),whatsapp.recover.title,Recover your account,ඔබේ ගිණුම යළි ලබාගන්න,உங்கள் கணக்கை மீட்டெடுக்கவும்,,
public-web  (public site),whatsapp.recover.subtitle,Verify your WhatsApp number to sign back in. Other devices will be signed out.,නැවත පිවිසීමට ඔබේ WhatsApp අංකය තහවුරු කරන්න. වෙනත් උපාංගවලින් ඔබ ඉවත් කෙරේ.,மீண்டும் உள்நுழைய உங்கள் WhatsApp எண்ணைச் சரிபார்க்கவும். பிற சாதனங்களிலிருந்து வெளியேற்றப்படுவீர்கள்.,,
public-web  (public site),whatsapp.register.title,Sign up with WhatsApp,WhatsApp මගින් ලියාපදිංචි වන්න,WhatsApp மூலம் பதிவு செய்யவும்,,
public-web  (public site),whatsapp.register.subtitle,No email address needed - verify your WhatsApp number instead.,ඊමේල් ලිපිනයක් අවශ්‍ය නැත - ඒ වෙනුවට ඔබේ WhatsApp අංකය තහවුරු කරන්න.,மின்னஞ்சல் முகவரி தேவையில்லை - அதற்குப் பதிலாக உங்கள் WhatsApp எண்ணைச் சரிபார்க்கவும்.,,
public-web  (public site),whatsapp.register.number,WhatsApp number,WhatsApp අංකය,WhatsApp எண்,,
public-web  (public site),whatsapp.register.numberHint,We'll send a verification code to this number.,මෙම අංකයට තහවුරු කිරීමේ කේතයක් එවනු ඇත.,இந்த எண்ணுக்குச் சரிபார்ப்புக் குறியீடு அனுப்புவோம்.,,
public-web  (public site),whatsapp.register.submit,Create account,ගිණුම සාදන්න,கணக்கை உருவாக்கு,,
public-web  (public site),whatsapp.register.error,Could not register. Please try again.,ලියාපදිංචි වීමට නොහැකි විය. කරුණාකර නැවත උත්සාහ කරන්න.,பதிவு செய்ய முடியவில்லை. மீண்டும் முயற்சிக்கவும்.,,
public-web  (public site),whatsapp.register.link,Sign up with WhatsApp,WhatsApp මගින් ලියාපදිංචි වන්න,WhatsApp மூலம் பதிவு செய்யவும்,,
public-web  (public site),whatsapp.register.noEmail,No email address?,ඊමේල් ලිපිනයක් නැද්ද?,மின்னஞ்சல் முகவரி இல்லையா?,,
public-web  (public site),whatsapp.register.useEmail,Sign up with email instead,ඒ වෙනුවට ඊමේල් මගින් ලියාපදිංචි වන්න,அதற்குப் பதிலாக மின்னஞ்சல் மூலம் பதிவு செய்யவும்,,
public-web  (public site),whatsapp.register.verifyTitle,Verify your WhatsApp number,ඔබේ WhatsApp අංකය තහවුරු කරන්න,உங்கள் WhatsApp எண்ணைச் சரிபார்க்கவும்,,
public-web  (public site),whatsapp.register.verifyBody,Your account has been created. Enter the code we sent to finish signing up.,ඔබේ ගිණුම සාදා ඇත. ලියාපදිංචිය සම්පූර්ණ කිරීමට අපි එවූ කේතය ඇතුළත් කරන්න.,உங்கள் கணக்கு உருவாக்கப்பட்டது. பதிவை முடிக்க நாங்கள் அனுப்பிய குறியீட்டை உள்ளிடவும்.,,
public-web  (public site),whatsapp.register.notSent,"We could not send the code just now. Use ""Send a new code"" below.","කේතය දැන් එවීමට නොහැකි විය. පහත ""නව කේතයක් එවන්න"" භාවිතා කරන්න.","குறியீட்டை இப்போது அனுப்ப முடியவில்லை. கீழே உள்ள ""புதிய குறியீட்டை அனுப்பு"" என்பதைப் பயன்படுத்தவும்.",,
public-web  (public site),whatsapp.register.validation.numberRequired,Please enter your WhatsApp number,කරුණාකර ඔබේ WhatsApp අංකය ඇතුළත් කරන්න,உங்கள் WhatsApp எண்ணை உள்ளிடவும்,,
public-web  (public site),whatsapp.register.validation.numberInvalid,Please enter a valid WhatsApp number,කරුණාකර වලංගු WhatsApp අංකයක් ඇතුළත් කරන්න,செல்லுபடியான WhatsApp எண்ணை உள்ளிடவும்,,
public-web  (public site),whatsapp.otp.sentTo,Enter the code sent to,එවූ කේතය ඇතුළත් කරන්න:,அனுப்பப்பட்ட குறியீட்டை உள்ளிடவும்:,,
public-web  (public site),whatsapp.otp.code,Verification code,තහවුරු කිරීමේ කේතය,சரிபார்ப்புக் குறியீடு,,
public-web  (public site),whatsapp.otp.devCode,Development mode - code (not sent over WhatsApp),සංවර්ධන මාදිලිය - කේතය (WhatsApp මගින් නොයවයි),மேம்பாட்டு முறை - குறியீடு (WhatsApp வழியாக அனுப்பப்படவில்லை),,
public-web  (public site),whatsapp.otp.verify,Verify,තහවුරු කරන්න,சரிபார்,,
public-web  (public site),whatsapp.otp.error,That code didn't work. Please try again.,එම කේතය ක්‍රියා නොකළේය. කරුණාකර නැවත උත්සාහ කරන්න.,அந்தக் குறியீடு செயல்படவில்லை. மீண்டும் முயற்சிக்கவும்.,,
public-web  (public site),whatsapp.otp.resent,A new code has been requested.,නව කේතයක් ඉල්ලා ඇත.,புதிய குறியீடு கோரப்பட்டது.,,
public-web  (public site),whatsapp.otp.changeNumber,Change number,අංකය වෙනස් කරන්න,எண்ணை மாற்று,,
public-web  (public site),whatsapp.otp.resendIn,Send a new code in,නව කේතයක් එවිය හැක්කේ,புதிய குறியீட்டை அனுப்பலாம்:,,
public-web  (public site),whatsapp.otp.resend,Send a new code,නව කේතයක් එවන්න,புதிய குறியீட்டை அனுப்பு,,
public-web  (public site),notFound.title,We couldn't find that page,එම පිටුව හමු නොවීය,அந்தப் பக்கத்தைக் கண்டறிய முடியவில்லை,,
public-web  (public site),notFound.body,"The link may be out of date, or the page may have moved.",සබැඳිය පරණ විය හෝ පිටුව මාරු වී ඇති නම්.,இணைப்பு பழையதாக இருக்கலாம் அல்லது பக்கம் நகர்த்தப்பட்டிருக்கலாம்.,,
public-web  (public site),notFound.home,Back to home,මුල් පිටුවට ආපසු,முகப்பு பக்கத்திற்குத் திரும்பவும்,,
public-web  (public site),notFound.search,Find a caregiver,රැකියාත්තයෙකු සොයන්න,பராமரிப்புப் பணியாளரைத் தேடுங்கள்,,
public-web  (public site),errorBoundary.title,Something went wrong,යමක් වැරදි විය,ஏதோ தவறு நடந்துவிட்டது,,
public-web  (public site),errorBoundary.body,"This page ran into a problem. You can try again, or head back to the start.",මෙම පිටුවේ ගැටලුවක් ඇති විය. නැවත උත්සාහ කරන්න හෝ මුල් පිටුවට ආපසු යන්න.,இந்தப் பக்கத்தில் ஒரு சிக்கல் ஏற்பட்டது. மீண்டும் முயற்சிக்கவும் அல்லது முகப்புப் பக்கத்திற்குச் செல்லவும்.,,
public-web  (public site),errorBoundary.reference,Reference,යොමුව,குறிப்பு,,
public-web  (public site),errorBoundary.retry,Try again,නැවත උත්සාහ කරන්න,மீண்டும் முயற்சி,,
public-web  (public site),landing.pill,Verified caregivers · Sri Lanka,තහවුරුදික කළ රැකියාත්තයන් · ශ්‍රී ලංකාව,சரிபார்க்கப்பட்ட பராமரிப்புப் பணியாளர்கள் · இலங்கை,,
public-web  (public site),landing.heroTitle,Find trusted caregivers. Manage care with confidence.,විශ්වාසනීය රැකියාත්තයන් සොයන්න. සුවපහසුව රැකියාව කළමනය කරන්න.,நம்பகமான பராமரிப்புப் பணியாளர்களைத் தேடுங்கள். பராமரிப்பை நிச்சயமாக நடத்துங்கள்.,,
public-web  (public site),landing.heroBody,"One platform for families, caregivers and care teams — search verified professionals by skill, language and location, and run the whole operation from a single staff portal.","පවුල්, රැකියාත්තයන් සහ රැකියා කණ්ඩායම් සඳහා එකම වේදයක් — කුරණය, භාෂාව සහ පිහිටිය අනුව තහවුරුදික විශේෂඥයන් සොයන්න, සහ මුළු ක්‍රියාවලියම එකම කර්මිං පෝර්ටලයකින් කළමනය කරන්න.","குடும்பங்கள், பராமரிப்புப் பணியாளர்கள் மற்றும் பராமரிப்பு குழுக்களுக்கான ஒரே தளம் — திறன், மொழி மற்றும் இடத்தின் அடிப்படையில் சரிபார்க்கப்பட்ட தொழிலாளர்களைத் தேடுங்கள், மேலும் அனைத்தையும் ஒரே பணியாளர் போர்டலிலிருந்து நடத்துங்கள்.",,
public-web  (public site),landing.ctaSearch,Search caregivers,රැකියාත්තයන් සොයන්න,பராமரிப்புப் பணியாளர்களைத் தேடுங்கள்,,
public-web  (public site),landing.ctaRegister,Join as a caregiver,රැකියාත්තයක් ලෙස එකතු වන්න,பராமரிப்புப் பணியாளராக இணையுங்கள்,,
public-web  (public site),landing.statLocations,"1,800+","1,800+","1,800+",,
public-web  (public site),landing.statLocationsLabel,Locations covered,ආවරණය කළ පිහිටි,உள்ளடக்கப்பட்ட இடங்கள்,,
public-web  (public site),landing.statLanguages,3,3,3,,
public-web  (public site),landing.statLanguagesLabel,Languages: EN · සිං · தமி,භාෂා: EN · සිං · தமி,மொழிகள்: EN · සිං · தமி,,
public-web  (public site),landing.statVerified,100%,100%,100%,,
public-web  (public site),landing.statVerifiedLabel,Staff-verified profiles,කර්මිං අයිතිමත් ප්‍රවේශයන්,பணியாளர் சரிபார்க்கப்பட்ட சுயவிவரங்கள்,,
public-web  (public site),landing.panelTitle,Care that starts with trust,විශ්වාසයෙන් ආරම්භ වන රැකියාව,நம்பிக்கையிலிருந்து தொடங்கும் பராமரிப்பு,,
public-web  (public site),landing.panelBody,Every profile is reviewed by our care team before it appears in search.,ප්‍රවේශයක් සෙවීමේදී පෙන්වීමට පෙර එය අපගේ රැකියා කණ්ඩායම සමාක්‍රීය කරයි.,ஒரு சுயவிவரம் தேடலில் தோன்றுவதற்கு முன் அதை எங்கள் பராமரிப்பு குழு மதிப்பாய்வு செய்கிறது.,,
public-web  (public site),landing.apps.eyebrow,The platform,වේදය,தளம்,,
public-web  (public site),landing.apps.title,Everything in one place,සියල්ල එකම තැනක,அனைத்தும் ஒரே இடத்தில்,,
public-web  (public site),landing.apps.body,Each app is built for a different audience and shares the same verified caregiver data.,"එක් එක් යනුන් අදාළ ප්‍රභවය සඳහා නිර්මාණය කර ඇත, නමුත් තහවුරුදික කළ රැකියාත්ත දත්ත එකම ය.","ஒவ்வொரு செயலியும் வேறு பயனாளிகளுக்காக உருவாக்கப்பட்டது, ஆனால் சரிபார்க்கப்பட்ட பராமரிப்புப் பணியாளர் தரவு ஒன்றே.",,
public-web  (public site),landing.apps.finder.tag,Public,පොදු,பொதுமை,,
public-web  (public site),landing.apps.finder.title,Caregiver Finder,රැකියාත්ත සොයනය,பராமரிப்புப் பணியாளர் தேடல்,,
public-web  (public site),landing.apps.finder.body,"Search by skill, language, availability and location — with smart matching and privacy-safe profiles.","කුරණය, භාෂාව, ලබාගැනීමේ හැකියාව සහ පිහිටිය අනුව සොයන්න — බුද්ධ ගැටලු විටනය සහ රහස්‍යභාවය ආරක්ෂිත ප්‍රවේශයන් සමඟ.","திறன், மொழி, கிடைப்பதும் இடத்தின் அடிப்படையில் தேடுங்கள் — அறிவார்ந்த பொருத்தத்துடனும் தனியுரிமை பாதுகாப்புடனும்.",,
public-web  (public site),landing.apps.finder.cta,Open finder,සොයනය විවෘත කරන්න,தேடலைத் திறக்கவும்,,
public-web  (public site),landing.apps.account.tag,Caregivers & guardians,රැකියාත්තයන් සහ ආරක්ෂකයන්,பராமரிப்புப் பணியாளர்கள் & பாதுகாவலாளர்கள்,,
public-web  (public site),landing.apps.account.title,Sign in / Register,පිවිසින්න / ලියාපදිංචි කරන්න,உள்நுழை / பதிவு,,
public-web  (public site),landing.apps.account.body,Caregivers build and maintain their profile; guardians register and verify their email to get started.,රැකියාත්තයන් ඔබගේ ප්‍රවේශය සකස් කරන එක; ආරක්ෂකයන් ඊමේල් තහවුරු කර ආරම්භ කරන එක.,பராமரிப்புப் பணியாளர்கள் தங்கள் சுயவிவரத்தை உருவாக்குகின்றனர்; பாதுகாவலாளர்கள் மின்னஞ்சலைச் சரிபார்த்து தொடங்குகின்றனர்.,,
public-web  (public site),landing.apps.account.cta,Sign in,පිවිසින්න,உள்நுழையவும்,,
public-web  (public site),landing.apps.register.tag,Families,පවුල්,குடும்பங்கள்,,
public-web  (public site),landing.apps.register.title,Create a free account,නොමිලේ ගිණුමක් සාදන්න,இலவச கணக்கை உருவாக்குங்கள்,,
public-web  (public site),landing.apps.register.body,"Contact caregivers directly, save your favourites and send hire requests once you are signed up.","ලියාපදිංචි වූ පසු රැකියාත්තයන් සමඟ කතා කරන්න, ඔබගේ ආදරණීයයන් සුරකින්න සහ නියවන ඉල්ලීම් එවන්න.","பதிவு செய்த பிறகு பராமரிப்புப் பணியாளர்களுடன் தொடர்பு கொள்ளுங்கள், உங்கள் விருப்பங்களைச் சேமித்துக்கொள்ளுங்கள் மற்றும் வேலைவாய்ப்பு கோரிக்கைகளை அனுப்புங்கள்.",,
public-web  (public site),landing.apps.register.cta,Create account,ගිණුම සාදන්න,கணக்கை உருவாக்குங்கள்,,
public-web  (public site),landing.apps.api.tag,Developers,සංවර්ධකයින්,உருவாக்குபவர்கள்,,
public-web  (public site),landing.apps.api.title,REST API,REST API,REST API,,
public-web  (public site),landing.apps.api.body,"The API behind every app, documented with interactive Swagger and role-based access.","සෑම යෙදුමකම පිටුපසින් ඇති APIය, අන්තර්ගතුක Swagger අර්ධකාර පාලනය සමඟ.","ஒவ்வொரு செயலிக்கும் பின்னால் உள்ள API, தொடர்புடைய Swagger மற்றும் பங்கு அடிப்படையிலான அணுகலுடன்.",,
public-web  (public site),landing.apps.api.cta,View API docs,API ලේඛන බලන්න,API ஆவணங்களைப் பாருங்கள்,,
public-web  (public site),landing.steps.eyebrow,How it works,ක්‍රියාවලිය,எப்படி செயல்படுகிறது,,
public-web  (public site),landing.steps.title,From sign-up to a verified match,ලියාපදිංචිවලින් තහවුරුදික ගැටලුවකට,பதிவு முதல் சரிபார்க்கப்பட்ட பொருத்தம் வரை,,
public-web  (public site),landing.steps.step1Title,Caregivers register,රැකියාත්තයන් ලියාපදිංචි වේ,பராமரிப்புப் பணியாளர்கள் பதிவு செய்கின்றனர்,,
public-web  (public site),landing.steps.step1Body,"Create a profile with skills, languages, availability and documents.","කුරණ, භාෂා, ලබාගැනීමේ හැකියාව සහ ලේඛන සහිත ප්‍රවේශයක් සාදන්න.","திறன்கள், மொழிகள், கிடைப்பதும் மற்றும் ஆவணங்களுடன் ஒரு சுயவிவரத்தை உருவாக்குங்கள்.",,
public-web  (public site),landing.steps.step2Title,Staff verify,කර්මිං තහවුරු කරයි,பணியாளர்கள் சரிபார்க்கின்றனர்,,
public-web  (public site),landing.steps.step2Body,Care teams review submissions and approve profiles for the public directory.,රැකියා කණ්ඩායම් ඉදිරිපත් කිරීම් සමාක්‍රීය කර පොදු දත්ත ගබඩාවට අනුමැති කරයි.,பராமரிப்பு குழுக்கள் சமர்ப்பிகளை மதிப்பாய்வு செய்து பொது பட்டியலுக்கு ஏற்கின்றன.,,
public-web  (public site),landing.steps.step3Title,Families search,පවුල් සොයයි,குடும்பங்கள் தேடுகின்றன,,
public-web  (public site),landing.steps.step3Body,"Filter and match by need, location and language, with personal details protected.","අවශ්‍යතාව, පිහිටිය සහ භාෂාව අනුව පෙරීමට හා ගැටලුවට ගැලපීමට, පුද්ගලික තොරතුරු ආරක්ෂිතව.","தேவை, இடம் மற்றும் மொழி அடிப்படையில் வடிகட்டி மற்றும் பொருத்துகிறது, தனிப்பட்ட விவரங்கள் பாதுகாக்கப்பட்டு.",,
public-web  (public site),landing.steps.step4Title,Admins oversee,පරිපාලක අධික්ෂික්ෂක කරයි,நிர்வாகிகள் மேற்பார்க்கின்றனர்,,
public-web  (public site),landing.steps.step4Body,Role-based access and a complete audit trail keep everything accountable.,භූමිකා පදනම් කළ ප්‍රවේශය සහ සම්පූර්ණ අදාර පෙත දැක්වීම සියල්ල ප්‍රතිචාරධාර්ය කරයි.,பங்கு அடிப்படையிலான அணுகல் மற்றும் முழு ஆட்சி வரைபடம் எல்லாவற்றையும் பொறுப்புடையதாக வைக்கின்றன.,,
public-web  (public site),landing.gallery.eyebrow,Why CareLink,ඇයි CareLink,ஏன் CareLink,,
public-web  (public site),landing.gallery.title,Built on trust,විශ්වාසය මත පදනම්ව,நம்பிக்கையில் அடிப்படையாக,,
public-web  (public site),landing.gallery.body,The things that matter most when you are choosing someone to care for a family member.,පවුලේ කුමක් සමන්ධානය කිරීමේදී ඉතා වැදගත් කරුණු.,குடும்ப உறுப்பினருக்கு பராமரிப்பாளரைத் தேர்ந்தெடுக்கும்போது மிக முக்கியமானவை.,,
public-web  (public site),landing.gallery.verifiedTitle,Verified qualifications,තහවුරුදික සුදුරුතාව,சரிபார்க்கப்பட்ட தகுதிகள்,,
public-web  (public site),landing.gallery.verifiedBody,Credentials are checked against the issuing institution before a profile goes live.,ප්‍රවේශය ප්‍රකාශයට පෙර අධ්‍යාපන ආයතනය සමඟ ඔබ්‍ය ලේඛන පරීක්ෂා කරනු ලැබේ.,சுயவிவரம் வெளியிடப்படுவதற்கு முன் விவரங்கள் வழங்கும் நிறுவனத்துடன் சரிபார்க்கப்படுகின்றன.,,
public-web  (public site),landing.gallery.languageTitle,Care in your language,ඔබගේ භාෂාවෙන් රැකියාව,உங்கள் மொழியில் பராமரிப்பு,,
public-web  (public site),landing.gallery.languageBody,"Search and sign up in English, Sinhala or Tamil.","ඉංග්‍රීසි, සිංහල හෝ දෙමළ භාෂාවෙන් සොයන්න සහ ලියාපදිංචි කරන්න.","ஆங்கிலம், தமிழ் அல்லது சிங்கள மொழியில் தேடுங்கள் மற்றும் பதிவு செய்யுங்கள்.",,
public-web  (public site),landing.gallery.privacyTitle,Privacy by default,පෙරනිමි රහස්‍යභාවය,இயல்பாகவே தனியுரிமை,,
public-web  (public site),landing.gallery.privacyBody,"Contact details, addresses and documents are never shown in public search.","අදාඅ තොරතුරු, ලිපින සහ ලේඛන කිසිවක් පොදු සෙවීමේ දක්වනු නොලැබේ.","தொடர்பு விவரங்கள், முகவரிகள் மற்றும் ஆவணங்கள் பொதுத் தேடலில் காட்டப்படுவதில்லை.",,
public-web  (public site),landing.cta.title,Ready to get started?,ආරම්භ කිරීමට සූදානම්ද?,தொடங்கத் தயாரா?,,
public-web  (public site),landing.cta.body,Families can search today. Caregivers can register in minutes. Staff sign in to manage it all.,පවුල් අදම සෙවීමට පටන් ගන්න පුළුවන්. රැකියාත්තයන් මිනිත්තු කිහිපයකින් ලියාපදිංචි විය හැක. කර්මිං අය එය කළමනය කිරීමට පිවිසෙනු ඇත.,குடும்பங்கள் இன்றே தேடலாம். பராமரிப்புப் பணியாளர்கள் சில நிமிடங்களில் பதிவு செய்யலாம். பணியாளர்கள் அதை நடத்த உள்நுழையவும்.,,
public-web  (public site),landing.cta.button,Find a caregiver,රැකියාත්තයෙකු සොයන්න,பராமரிப்புப் பணியாளரைத் தேடுங்கள்,,
web  (staff portal),nav.dashboard,Dashboard,උපකරණ පුවරුව,டாஷ்போர்டு,,
web  (staff portal),nav.caregivers,Caregivers,සාත්තු සේවකයින්,பராமரிப்பாளர்கள்,,
web  (staff portal),nav.skills,Skills,කුසලතා,திறன்கள்,,
web  (staff portal),nav.languages,Languages,භාෂා,மொழிகள்,,
web  (staff portal),nav.locations,Locations,ස්ථාන,இடங்கள்,,
web  (staff portal),nav.auditLog,Audit log,විගණන ලොගය,தணிக்கைப் பதிவு,,
web  (staff portal),nav.logout,Log out,ඉවත් වන්න,வெளியேறு,,
web  (staff portal),nav.users,Users,පරිශීලකයින්,பயனர்கள்,,
web  (staff portal),nav.whatsappSettings,WhatsApp sign-in,WhatsApp පිවිසුම,WhatsApp உள்நுழைவு,,
web  (staff portal),nav.backToPublic,Back to CareLink,CareLink සඵස්ථාවට ආපහු යන්න,CareLink தளத்திற்குத் திரும்பவும்,,
web  (staff portal),nav.openMenu,Open menu,මෙනු ඇරියින්න,மெனுவைத் திற,,
web  (staff portal),nav.closeMenu,Close menu,මෙනුව වසන්න,மெனுவை மூடு,,
web  (staff portal),login.title,Sign in,පුරනය වන්න,உள்நுழையவும்,,
web  (staff portal),login.subtitle,Caregiver Platform administration,සාත්තු සේවා වේදිකා පරිපාලනය,பராமரிப்பாளர் தள நிர்வாகம்,,
web  (staff portal),login.email,Email,විද්‍යුත් තැපෑල,மின்னஞ்சல்,,
web  (staff portal),login.password,Password,මුරපදය,கடவுச்சொல்,,
web  (staff portal),login.submit,Sign in,පුරනය වන්න,உள்நுழையவும்,,
web  (staff portal),login.error,Incorrect email or password.,විද්‍යුත් තැපෑල හෝ මුරපදය නිවැරදි නොවේ.,மின்னஞ்சல் அல்லது கடவுச்சொல் தவறானது.,,
web  (staff portal),login.newCaregiver,New caregiver?,නව සාත්තු සේවකයෙක්ද?,புதிய பராமரிப்பாளரா?,,
web  (staff portal),dashboard.title,Dashboard,උපකරණ පුවරුව,டாஷ்போர்டு,,
web  (staff portal),dashboard.totalCaregivers,Total caregivers,මුළු සාත්තු සේවකයින්,மொத்த பராமரிப்பாளர்கள்,,
web  (staff portal),dashboard.pendingRegistration,Pending registration,ලියාපදිංචිය අපේක්ෂිතයි,பதிவு நிலுவையில்,,
web  (staff portal),dashboard.awaitingVerification,Awaiting verification,සත්‍යාපනය අපේක්ෂිතයි,சரிபார்ப்பு நிலுவையில்,,
web  (staff portal),dashboard.verified,Verified,සත්‍යාපිතයි,சரிபார்க்கப்பட்டது,,
web  (staff portal),dashboard.active,Active,සක්‍රීයයි,செயலில்,,
web  (staff portal),dashboard.suspended,Suspended,අත්හිටුවා ඇත,இடைநிறுத்தப்பட்டது,,
web  (staff portal),dashboard.documentsRequiringAttention,Documents needing attention,අවධානය අවශ්‍ය ලේඛන,கவனம் தேவைப்படும் ஆவணங்கள்,,
web  (staff portal),caregivers.title,Caregivers,සාත්තු සේවකයින්,பராமரிப்பாளர்கள்,,
web  (staff portal),caregivers.search,"Search by name, phone or registration number","නම, දුරකථන අංකය හෝ ලියාපදිංචි අංකය අනුව සොයන්න","பெயர், தொலைபேசி அல்லது பதிவு எண்ணின் மூலம் தேடவும்",,
web  (staff portal),caregivers.addNew,Register caregiver,සාත්තු සේවකයෙකු ලියාපදිංචි කරන්න,பராமரிப்பாளரைப் பதிவு செய்யவும்,,
web  (staff portal),caregivers.delete,Delete caregiver,Delete caregiver,Delete caregiver,,
web  (staff portal),caregivers.confirmDelete,Are you sure you want to delete this caregiver? This action cannot be undone.,Are you sure you want to delete this caregiver? This action cannot be undone.,Are you sure you want to delete this caregiver? This action cannot be undone.,,
web  (staff portal),caregivers.confirmDeleteDocument,Delete this document? This action cannot be undone.,Delete this document? This action cannot be undone.,Delete this document? This action cannot be undone.,,
web  (staff portal),caregivers.confirmDeleteReference,Delete this reference? This action cannot be undone.,Delete this reference? This action cannot be undone.,Delete this reference? This action cannot be undone.,,
web  (staff portal),caregivers.deleteTitle,Confirm Delete,Confirm Delete,Confirm Delete,,
web  (staff portal),caregivers.table.registrationNumber,Reg. number,ලියාපදිංචි අංකය,பதிவு எண்,,
web  (staff portal),caregivers.table.name,Name,නම,பெயர்,,
web  (staff portal),caregivers.table.phone,Phone,දුරකථන අංකය,தொலைபேசி,,
web  (staff portal),caregivers.table.skills,Skills,කුසලතා,திறன்கள்,,
web  (staff portal),caregivers.table.languages,Languages,භාෂා,மொழிகள்,,
web  (staff portal),caregivers.table.status,Status,තත්ත්වය,நிலை,,
web  (staff portal),caregivers.status.DRAFT,Draft,කෙටුම්පත,வரைவு,,
web  (staff portal),caregivers.status.REGISTERED,Registered,ලියාපදිංචි කර ඇත,பதிவு செய்யப்பட்டது,,
web  (staff portal),caregivers.status.DOCUMENTS_PENDING,Documents pending,ලේඛන අපේක්ෂිතයි,ஆவணங்கள் நிலுவையில்,,
web  (staff portal),caregivers.status.UNDER_VERIFICATION,Under verification,සත්‍යාපනය වෙමින් පවතී,சரிபார்க்கப்படுகிறது,,
web  (staff portal),caregivers.status.VERIFIED,Verified,සත්‍යාපිතයි,சரிபார்க்கப்பட்டது,,
web  (staff portal),caregivers.status.ACTIVE,Active,සක්‍රීයයි,செயலில்,,
web  (staff portal),caregivers.status.INACTIVE,Inactive,අක්‍රීයයි,செயலில் இல்லை,,
web  (staff portal),caregivers.status.SUSPENDED,Suspended,අත්හිටුවා ඇත,இடைநிறுத்தப்பட்டது,,
web  (staff portal),caregivers.status.REJECTED,Rejected,ප්‍රතික්ෂේප කර ඇත,நிராகரிக்கப்பட்டது,,
web  (staff portal),caregivers.empty,No caregivers match your search yet.,ඔබගේ සෙවුමට ගැළපෙන සාත්තු සේවකයින් තවමත් නොමැත.,உங்கள் தேடலுக்குப் பொருந்தும் பராமரிப்பாளர்கள் இன்னும் இல்லை.,,
web  (staff portal),caregivers.wizard.title,Register a caregiver,සාත්තු සේවකයෙකු ලියාපදිංචි කරන්න,பராமரிப்பாளரைப் பதிவு செய்யவும்,,
web  (staff portal),caregivers.wizard.steps.personal,Personal information,පුද්ගලික තොරතුරු,தனிப்பட்ட தகவல்,,
web  (staff portal),caregivers.wizard.steps.qualifications,Qualifications,සුදුසුකම්,தகுதிகள்,,
web  (staff portal),caregivers.wizard.steps.experience,Experience,පළපුරුද්ද,அனுபவம்,,
web  (staff portal),caregivers.wizard.steps.skills,Skills,කුසලතා,திறன்கள்,,
web  (staff portal),caregivers.wizard.steps.languages,Languages,භාෂා,மொழிகள்,,
web  (staff portal),caregivers.wizard.steps.availability,Availability,ලබාගත හැකි බව,கிடைக்கும் நேரம்,,
web  (staff portal),caregivers.wizard.steps.documents,Documents,ලේඛන,ஆவணங்கள்,,
web  (staff portal),caregivers.wizard.steps.review,Review & submit,සමාලෝචනය සහ ඉදිරිපත් කිරීම,மதிப்பாய்வு செய்து சமர்ப்பிக்கவும்,,
web  (staff portal),caregivers.wizard.next,Save & continue,සුරකින්න සහ ඉදිරියට යන්න,சேமித்து தொடரவும்,,
web  (staff portal),caregivers.wizard.back,Back,ආපසු,பின்செல்,,
web  (staff portal),caregivers.wizard.skip,Skip for now,දැනට මඟ හරින්න,தற்போது தவிர்க்கவும்,,
web  (staff portal),caregivers.wizard.finish,Submit registration,ලියාපදිංචිය ඉදිරිපත් කරන්න,பதிவைச் சமர்ப்பிக்கவும்,,
web  (staff portal),caregivers.wizard.finishedTitle,Registration submitted,ලියාපදිංචිය ඉදිරිපත් කරන ලදී,பதிவு சமர்ப்பிக்கப்பட்டது,,
web  (staff portal),caregivers.wizard.finishedBody,The caregiver record has moved from Draft to Registered and is ready for document verification.,සාත්තු සේවක වාර්තාව කෙටුම්පත් තත්ත්වයේ සිට ලියාපදිංචි තත්ත්වයට මාරු කර ඇති අතර ලේඛන සත්‍යාපනය සඳහා සූදානම්ය.,பராமரிப்பாளர் பதிவு வரைவு நிலையிலிருந்து பதிவு செய்யப்பட்ட நிலைக்கு மாற்றப்பட்டுள்ளது மற்றும் ஆவணச் சரிபார்ப்புக்கு தயாராக உள்ளது.,,
web  (staff portal),caregivers.wizard.viewProfile,View caregiver profile,View caregiver profile,View caregiver profile,,
web  (staff portal),caregivers.me.qualifications.title,Qualifications,සුදුසුකම්,தகுதிகள்,,
web  (staff portal),caregivers.me.qualifications.noQualificationsYet,No qualifications added yet.,තවමත් සුදුසුකම් එකතු කර නොමැත.,இதுவரை எந்தத் தகுதிகளும் சேர்க்கப்படவில்லை.,,
web  (staff portal),caregivers.me.qualifications.qualificationName,Qualification name,සුදුසුකමේ නම,தகுதியின் பெயர்,,
web  (staff portal),caregivers.me.qualifications.type,Type,වර්ගය,வகை,,
web  (staff portal),caregivers.me.qualifications.institution,Institution,ආයතනය,நிறுவனம்,,
web  (staff portal),caregivers.me.qualifications.certificateNumber,Certificate number,සහතික අංකය,சான்றிதழ் எண்,,
web  (staff portal),caregivers.me.qualifications.issueDate,Issue date,නිකුත් කළ දිනය,வழங்கிய தேதி,,
web  (staff portal),caregivers.me.experience.title,Experience,පළපුරුද්ද,அனுபவம்,,
web  (staff portal),caregivers.me.experience.noExperienceYet,No experience records added yet.,තවමත් පළපුරුද්ද පිළිබඳ වාර්තා එකතු කර නොමැත.,இதுவரை அனுபவப் பதிவுகள் சேர்க்கப்படவில்லை.,,
web  (staff portal),caregivers.me.experience.employerOrClient,Employer / client,සේවායෝජකයා / සේවාලාභියා,முதலாளி / வாடிக்கையாளர்,,
web  (staff portal),caregivers.me.experience.role,Role,තනතුර,பதவி,,
web  (staff portal),caregivers.me.experience.country,Country,රට,நாடு,,
web  (staff portal),caregivers.me.experience.location,Location,ස්ථානය,இடம்,,
web  (staff portal),caregivers.me.experience.startDate,Start date,ආරම්භක දිනය,தொடக்க தேதி,,
web  (staff portal),caregivers.me.experience.endDate,End date,අවසන් දිනය,முடிவு தேதி,,
web  (staff portal),caregivers.me.experience.careType,Care type,සාත්තු සේවා වර්ගය,பராமரிப்பு வகை,,
web  (staff portal),caregivers.me.experience.description,Description,විස්තරය,விளக்கம்,,
web  (staff portal),caregivers.me.experience.present,present,වර්තමානය දක්වා,தற்போது,,
web  (staff portal),caregivers.me.skills.title,Skills,කුසලතා,திறன்கள்,,
web  (staff portal),caregivers.me.skills.noSkillsYet,No skills assigned yet.,තවමත් කුසලතා පවරා නොමැත.,இதுவரை எந்தத் திறன்களும் ஒதுக்கப்படவில்லை.,,
web  (staff portal),caregivers.me.skills.skill,Skill,කුසලතාව,திறன்,,
web  (staff portal),caregivers.me.skills.selectSkill,Select a skill,කුසලතාවක් තෝරන්න,திறனைத் தேர்ந்தெடுக்கவும்,,
web  (staff portal),caregivers.me.skills.proficiency,Proficiency,ප්‍රවීණතා මට්ටම,திறன் நிலை,,
web  (staff portal),caregivers.me.languages.title,Languages,භාෂා,மொழிகள்,,
web  (staff portal),caregivers.me.languages.noLanguagesYet,No languages added yet.,තවමත් භාෂා එකතු කර නොමැත.,இதுவரை எந்த மொழிகளும் சேர்க்கப்படவில்லை.,,
web  (staff portal),caregivers.me.languages.language,Language,භාෂාව,மொழி,,
web  (staff portal),caregivers.me.languages.selectLanguage,Select a language,භාෂාවක් තෝරන්න,மொழியைத் தேர்ந்தெடுக்கவும்,,
web  (staff portal),caregivers.me.languages.proficiency,Proficiency,ප්‍රවීණතා මට්ටම,திறன் நிலை,,
web  (staff portal),caregivers.me.availability.title,Availability,ලබාගත හැකි බව,கிடைக்கும் நேரம்,,
web  (staff portal),caregivers.me.availability.dayDuty,Day duty,දිවා සේවය,பகல் பணி,,
web  (staff portal),caregivers.me.availability.nightDuty,Night duty,රාත්‍රී සේවය,இரவு பணி,,
web  (staff portal),caregivers.me.availability.liveIn24h,24-hour live-in,පැය 24ක නේවාසික සේවය,24 மணி நேர தங்கியிருந்து பணி,,
web  (staff portal),caregivers.me.availability.preferredShift,Preferred shift,කැමති සේවා මුරය,விருப்பமான பணி நேரம்,,
web  (staff portal),caregivers.me.availability.day,Day,දිවා,பகல்,,
web  (staff portal),caregivers.me.availability.night,Night,රාත්‍රී,இரவு,,
web  (staff portal),caregivers.me.availability.twentyFourHourLiveIn,24-hour live-in,පැය 24ක නේවාසික සේවය,24 மணி நேர தங்கியிருந்து பணி,,
web  (staff portal),caregivers.me.availability.flexible,Flexible,නම්‍යශීලී,நெகிழ்வானது,,
web  (staff portal),caregivers.me.availability.availableFrom,Available from,රැකියාව ආරම්භ කළහැකි දිනය,கிடைக்கும் தேதி,,
web  (staff portal),caregivers.me.availability.expectedDailyRate,Expected daily rate (LKR),අපේක්ෂිත දෛනික ගාස්තුව (LKR),எதிர்பார்க்கப்படும் தினசரி கட்டணம் (LKR),,
web  (staff portal),caregivers.me.availability.expectedMonthlyRate,Expected monthly rate (LKR),අපේක්ෂිත මාසික ගාස්තුව (LKR),எதிர்பார்க்கப்படும் மாதாந்திர கட்டணம் (LKR),,
web  (staff portal),caregivers.me.availability.expectedLeaveDays,Expected leave days / month,මාසයකට අපේක්ෂිත නිවාඩු දින,மாதத்திற்கு எதிர்பார்க்கப்படும் விடுமுறை நாட்கள்,,
web  (staff portal),caregivers.me.availability.preferredLeavePattern,Preferred leave pattern,කැමති නිවාඩු රටාව,விருப்பமான விடுமுறை முறை,,
web  (staff portal),caregivers.me.availability.placeholder,e.g. 4 consecutive days monthly,උදා: මාසිකව අඛණ්ඩ දින 4ක්,எ.கா. மாதத்திற்கு தொடர்ச்சியாக 4 நாட்கள்,,
web  (staff portal),caregivers.me.documents.title,Documents,ලේඛන,ஆவணங்கள்,,
web  (staff portal),caregivers.me.documents.noDocumentsYet,No documents uploaded yet.,තවමත් ලේඛන උඩුගත කර නොමැත.,இதுவரை எந்த ஆவணங்களும் பதிவேற்றப்படவில்லை.,,
web  (staff portal),caregivers.me.documents.documentType,Document type,ලේඛන වර්ගය,ஆவண வகை,,
web  (staff portal),caregivers.me.documents.fileLabel,"File (PDF, JPG, PNG, WEBP — max 10MB)","ගොනුව (PDF, JPG, PNG, WEBP — උපරිම 10MB)","கோப்பு (PDF, JPG, PNG, WEBP — அதிகபட்சம் 10MB)",,
web  (staff portal),caregivers.me.documents.uploading,Uploading…,උඩුගත කරමින්…,பதிவேற்றப்படுகிறது…,,
web  (staff portal),caregivers.me.review.title,Review,සමාලෝචනය,மதிப்பாய்வு,,
web  (staff portal),caregivers.me.review.fullName,Full name,සම්පූර්ණ නම,முழுப் பெயர்,,
web  (staff portal),caregivers.me.review.registrationNumber,Registration number,ලියාපදිංචි අංකය,பதிவு எண்,,
web  (staff portal),caregivers.me.review.phone,Phone,දුරකථන අංකය,தொலைபேசி,,
web  (staff portal),caregivers.me.review.skills,Skills,කුසලතා,திறன்கள்,,
web  (staff portal),caregivers.me.review.languages,Languages,භාෂා,மொழிகள்,,
web  (staff portal),caregivers.me.review.documents,Documents,ලේඛන,ஆவணங்கள்,,
web  (staff portal),caregivers.me.review.submittingNote,"Submitting will move this caregiver from <strong>Draft</strong> to <strong>Registered</strong>, ready for document verification.",ඉදිරිපත් කිරීමෙන් මෙම සාත්තු සේවක වාර්තාව <strong>කෙටුම්පත්</strong> තත්ත්වයේ සිට <strong>ලියාපදිංචි</strong> තත්ත්වයට මාරු කර ලේඛන සත්‍යාපනය සඳහා සූදානම් කරනු ඇත.,"சமர்ப்பிப்பதன் மூலம் இந்தப் பராமரிப்பாளர் பதிவு <strong>வரைவு</strong> நிலையிலிருந்து <strong>பதிவு செய்யப்பட்டது</strong> என்ற நிலைக்கு மாற்றப்பட்டு, ஆவணச் சரிபார்ப்புக்குத் தயாராகும்.",,
web  (staff portal),caregivers.me.review.submitError,Could not submit. Please try again.,ඉදිරිපත් කළ නොහැක. කරුණාකර නැවත උත්සාහ කරන්න.,சமர்ப்பிக்க முடியவில்லை. தயவுசெய்து மீண்டும் முயற்சிக்கவும்.,,
web  (staff portal),caregivers.profile.tabs.overview,Overview,සාරාංශය,மேலோட்டம்,,
web  (staff portal),caregivers.profile.tabs.personal,Personal,පුද්ගලික,தனிப்பட்டது,,
web  (staff portal),caregivers.profile.tabs.qualifications,Qualifications,සුදුසුකම්,தகுதிகள்,,
web  (staff portal),caregivers.profile.tabs.experience,Experience,පළපුරුද්ද,அனுபவம்,,
web  (staff portal),caregivers.profile.tabs.skills,Skills,කුසලතා,திறன்கள்,,
web  (staff portal),caregivers.profile.tabs.languages,Languages,භාෂා,மொழிகள்,,
web  (staff portal),caregivers.profile.tabs.availability,Availability,ලබාගත හැකි බව,கிடைக்கும் நேரம்,,
web  (staff portal),caregivers.profile.tabs.documents,Documents,ලේඛන,ஆவணங்கள்,,
web  (staff portal),caregivers.profile.tabs.references,References,නිර්දේශ,பரிந்துரைகள்,,
web  (staff portal),caregivers.profile.tabs.verification,Verification,සත්‍යාපනය,சரிபார்ப்பு,,
web  (staff portal),caregivers.profile.tabs.restricted,Restricted information,සීමිත තොරතුරු,கட்டுப்படுத்தப்பட்ட தகவல்,,
web  (staff portal),caregivers.profile.tabs.audit,Audit history,විගණන ඉතිහාසය,தணிக்கை வரலாறு,,
web  (staff portal),caregivers.edit.skills,Manage skills,කුසල්තා ස්කම් කරන්න,திறன்களை நிர்வகிக்கவும்,,
web  (staff portal),caregivers.edit.languages,Manage languages,භාෂා ස්කම් කරන්න,மொழிகளை நிர்வகிக்கவும்,,
web  (staff portal),caregivers.edit.addSkill,Add skill,කුසල්තා එකතු කරන්න,திறன் சேர்க்கவும்,,
web  (staff portal),caregivers.edit.addLanguage,Add language,භාෂා එකතු කරන්න,மொழி சேர்க்கவும்,,
web  (staff portal),caregivers.edit.selectSkill,Select a skill,කුසල්තාවක් තෝරන්න,திறனைத் தேர்ந்தெடுக்கவும்,,
web  (staff portal),caregivers.edit.selectLanguage,Select a language,භාෂාවක් තෝරන්න,மொழியைத் தேர்ந்தெடுக்கவும்,,
web  (staff portal),caregivers.edit.yearsOfExperience,Years of experience,වසර ගණනය,அனுபவ ஆண்டுகள்,,
web  (staff portal),caregivers.edit.proficiency,Proficiency,ප්‍රවීණතා මට්ටම,திறன் நிலை,,
web  (staff portal),caregivers.edit.noSkills,No skills assigned yet.,තවමත් කුසල්තා පවරා නොමැත.,இதுவரை எந்தத் திறன்களும் ஒதுக்கப்படவில்லை.,,
web  (staff portal),caregivers.edit.noLanguages,No languages added yet.,තවමත් භාෂා එකතු කර නොමැත.,இதுவரை எந்த மொழிகளும் சேர்க்கப்படவில்லை.,,
web  (staff portal),caregivers.edit.qualifications,Manage qualifications,සුදුසුකම් ස්කම් කරන්න,தகுதிகளை நிர்வகிக்கவும்,,
web  (staff portal),caregivers.edit.addQualification,Add qualification,සුදුසුකම එකතු කරන්න,தகுதி சேர்க்கவும்,,
web  (staff portal),caregivers.edit.addExperience,Add experience,Add experience,Add experience,,
web  (staff portal),caregivers.edit.qualificationName,Qualification name,සුදුසුකමේ නම,தகுதியின் பெயர்,,
web  (staff portal),caregivers.edit.qualificationType,Type,වර්ගය,வகை,,
web  (staff portal),caregivers.edit.institution,Institution,ආයතනය,நிறுவனம்,,
web  (staff portal),caregivers.edit.certificateNumber,Certificate number,සහතික අංකය,சான்றிதழ் எண்,,
web  (staff portal),caregivers.edit.issueDate,Issue date,නිකුත් කළ දිනය,வழங்கிய தேதி,,
web  (staff portal),caregivers.edit.noQualifications,No qualifications added yet.,තවමත් සුදුසුකම් එකතු කර නොමැත.,இதுவரை எந்தத் தகுதிகளும் சேர்க்கப்படவில்லை.,,
web  (staff portal),caregivers.edit.addDocument,Add document,ගුනුනු එකතු කරන්න,ஆவணத்தை சேர்க்கவும்,,
web  (staff portal),caregivers.edit.documentType,Document type,ගුනුනු වර්ගය,ஆவண வகை,,
web  (staff portal),caregivers.edit.fileLabel,"File (PDF, JPG, PNG, WEBP — max 10MB)","ගොනුව (PDF, JPG, PNG, WEBP — මාක්සිමම 10MB)","கோப்பு (PDF, JPG, PNG, WEBP — அதிகபட்சம் 10MB)",,
web  (staff portal),caregivers.edit.uploading,Uploading…,උඩගත් කරමින්…,பதிவேற்றப்படுகிறது…,,
web  (staff portal),caregivers.edit.view,View,බලවා,பார்க்கவும்,,
web  (staff portal),caregivers.edit.verify,Verify,සත්‍යාපනය කරන්න,சரிபார்க்கவும்,,
web  (staff portal),caregivers.edit.verificationStatus,Verification status,සත්‍යාපන තත්ත්වය,சரிபார்ப்பு நிலை,,
web  (staff portal),caregivers.edit.addReference,Add reference,මැතිවන් එකතු කරන්න,குறிப்பைச் சேர்க்கவும்,,
web  (staff portal),caregivers.edit.referenceName,Name,නම,பெயர்,,
web  (staff portal),caregivers.edit.referenceRelationship,Relationship,සබඳතාව,உறவு,,
web  (staff portal),caregivers.edit.referencePhone,Phone,දුරකථනය,தொலைபேசி,,
web  (staff portal),caregivers.edit.referenceEmail,Email,විදියට,மின்னஞ்சல்,,
web  (staff portal),caregivers.edit.referenceNotes,Notes,නෝට්ස්,குறிப்புகள்,,
web  (staff portal),caregivers.edit.addVerification,Add verification,සත්‍යාපනය එකතු කරන්න,சரிபார்ப்பை சேர்க்கவும்,,
web  (staff portal),caregivers.edit.verificationType,Verification type,සත්‍යාපන වර්ගය,சரிபார்ப்பு வகை,,
web  (staff portal),caregivers.edit.verificationNotes,Notes,නෝට්ස්,குறிப்புகள்,,
web  (staff portal),caregivers.edit.pending,Pending,ප්‍රතිබාහිතයි,பிரதமமாக,,
web  (staff portal),caregivers.edit.markVerified,Mark verified,සත්‍යාපිත කරන්න,சரிபார்க்கப்பட்டது என குறியீடு செய்யும்,,
web  (staff portal),caregivers.edit.markRejected,Mark rejected,ප්‍රතික්ෂේප කරන්න,நிராகரிக்கப்பட்டது என குறியீடு செய்யும்,,
web  (staff portal),caregivers.edit.resetToPending,Reset to pending,ප්‍රතිබාහිත වෙනුවට යොමු කරන්න,பிரதமமாக வீண்டும் செயல்படுத்தும்,,
web  (staff portal),caregivers.edit.inProgress,In progress,ක්‍රියාත්මක වෙමින් පවතී,செயல்படுத்தப்படுகிறது,,
web  (staff portal),caregivers.edit.verified,Verified,සත්‍යාපිතයි,சரிபார்க்கப்பட்டது,,
web  (staff portal),caregivers.edit.rejected,Rejected,ප්‍රතික්ෂේප කර ඇත,நிராகரிக்கப்பட்டது,,
web  (staff portal),common.loading,Loading...,පූරණය වෙමින්...,ஏற்றப்படுகிறது...,,
web  (staff portal),common.save,Save,සුරකින්න,சேமிக்கவும்,,
web  (staff portal),common.cancel,Cancel,අවලංගු කරන්න,ரத்து செய்யவும்,,
web  (staff portal),common.add,Add,එකතු කරන්න,சேர்க்கவும்,,
web  (staff portal),common.delete,Delete,Delete,Delete,,
web  (staff portal),common.confirm,Confirm,Confirm,Confirm,,
web  (staff portal),common.edit,Edit,Edit,Edit,,
web  (staff portal),common.remove,Remove,ඉවත් කරන්න,அகற்றவும்,,
web  (staff portal),common.yes,Yes,ඔව්,ஆம்,,
web  (staff portal),common.no,No,නැත,இல்லை,,
web  (staff portal),common.language,Language,භාෂාව,மொழி,,
web  (staff portal),common.requiredField,Required field,පිරිවිද යුතු ක්ෂෙතයයි,நிரப்ப வேண்டிய புலம்,,
web  (staff portal),register.title,Register as a caregiver,සාත්තු සේවකයෙකු ලෙස ලියාපදිංචි වන්න,பராமரிப்பாளராகப் பதிவு செய்யவும்,,
web  (staff portal),register.subtitle,Create your account to join the Care Platform,සාත්තු සේවා වේදිකාවට එක්වීමට ඔබගේ ගිණුම සාදන්න,பராமரிப்பு தளத்தில் இணைய உங்கள் கணக்கை உருவாக்கவும்,,
web  (staff portal),register.accountSection,Account details,ගිණුම් විස්තර,கணக்கு விவரங்கள்,,
web  (staff portal),register.personalSection,Personal information,පුද්ගලික තොරතුරු,தனிப்பட்ட தகவல்,,
web  (staff portal),register.email,Email,විද්‍යුත් තැපෑල,மின்னஞ்சல்,,
web  (staff portal),register.password,Password,මුරපදය,கடவுச்சொல்,,
web  (staff portal),register.confirmPassword,Confirm password,මුරපදය තහවුරු කරන්න,கடவுச்சொல்லை உறுதிப்படுத்தவும்,,
web  (staff portal),register.consentLabel,I consent to my personal and health information being processed for caregiver registration and verification purposes.,සාත්තු සේවක ලියාපදිංචිය සහ සත්‍යාපනය සඳහා මගේ පුද්ගලික සහ සෞඛ්‍ය තොරතුරු සැකසීමට මම එකඟ වෙමි.,பராமரிப்பாளர் பதிவு மற்றும் சரிபார்ப்பு நோக்கங்களுக்காக எனது தனிப்பட்ட மற்றும் சுகாதாரத் தகவல்கள் செயலாக்கப்படுவதற்கு நான் சம்மதிக்கிறேன்.,,
web  (staff portal),register.submit,Create account,ගිණුම සාදන්න,கணக்கை உருவாக்கவும்,,
web  (staff portal),register.alreadyHaveAccount,Already have an account?,දැනටමත් ගිණුමක් තිබේද?,ஏற்கனவே கணக்கு உள்ளதா?,,
web  (staff portal),register.signIn,Sign in,පුරනය වන්න,உள்நுழையவும்,,
web  (staff portal),register.successTitle,Check your email,ඔබගේ විද්‍යුත් තැපෑල පරීක්ෂා කරන්න,உங்கள் மின்னஞ்சலைச் சரிபார்க்கவும்,,
web  (staff portal),register.successBody,We have sent a verification link to your email address. Click it to activate your account and sign in.,ඔබගේ විද්‍යුත් තැපැල් ලිපිනයට සත්‍යාපන සබැඳියක් යවා ඇත. එය ක්ලික් කර ඔබගේ ගිණුම සක්‍රීය කර පුරනය වන්න.,உங்கள் மின்னஞ்சல் முகவரிக்கு சரிபார்ப்பு இணைப்பு அனுப்பப்பட்டுள்ளது. அதை கிளிக் செய்து உங்கள் கணக்கைச் செயல்படுத்தி உள்நுழையவும்.,,
web  (staff portal),register.devLinkLabel,Development mode - verification link,සංවර්ධන මාදිලිය - සත්‍යාපන සබැඳිය,மேம்பாட்டு முறை - சரிபார்ப்பு இணைப்பு,,
web  (staff portal),register.passwordMismatch,Passwords do not match,මුරපද නොගැළපේ,கடவுச்சொற்கள் பொருந்தவில்லை,,
web  (staff portal),register.consentRequired,You must accept the consent statement to continue,ඉදිරියට යාම සඳහා ඔබ එකඟතා ප්‍රකාශය පිළිගත යුතුය,தொடர்வதற்கு நீங்கள் சம்மத அறிக்கையை ஏற்க வேண்டும்,,
web  (staff portal),register.validation.email.required,Email is required,ඊමේල් ලිපිනය අවශ්‍යයි,மின்னஞ்சல் முகவரி தேவை,,
web  (staff portal),register.validation.email.invalid,Enter a valid email address,වලංගු ඊමේල් ලිපිනයක් ඇතුළත් කරන්න,செல்லுபடியான மின்னஞ்சல் முகவரியை உள்ளிடவும்,,
web  (staff portal),register.validation.password.required,Password is required,මුරපදය අවශ්‍යයි,கடவுச்சொல் தேவை,,
web  (staff portal),register.validation.password.invalid,Password must be at least 8 characters,මුරපදය අක්ෂර 8ක් තරම් දිග විය යුතුය,கடவுச்சொல் குறைந்தது 8 எழுத்துகள் நீளமாக இருக்க வேண்டும்,,
web  (staff portal),register.validation.confirmPassword.required,Please confirm your password,ඔබගේ මුරපදය තහවුරු කරන්න,உங்கள் கடவுச்சொல்லை உறுதிப்படுத்தவும்,,
web  (staff portal),register.validation.passwordMismatch,Passwords do not match,මුරපද අනුමාන නොවේ,கடவுச்சொற்கள் பொருந்தவில்லை,,
web  (staff portal),register.validation.consentRequired,You must accept the consent statement to continue,ඉදිරියට යාමට ඔබ අනුමැතිතා ප්‍රකාශය පිළිගන්න යුතුය,தொடர பதிவு செய்ய ஒப்புதல் கூற்றை ஏற்க வேண்டும்,,
web  (staff portal),verifyEmail.verifying,Verifying your email...,ඔබගේ විද්‍යුත් තැපෑල සත්‍යාපනය කරමින්...,உங்கள் மின்னஞ்சல் சரிபார்க்கப்படுகிறது...,,
web  (staff portal),verifyEmail.successTitle,Email verified,විද්‍යුත් තැපෑල සත්‍යාපනය කරන ලදී,மின்னஞ்சல் சரிபார்க்கப்பட்டது,,
web  (staff portal),verifyEmail.successBody,You are all set - taking you to your profile.,සියල්ල සූදානම් - ඔබව ඔබගේ පැතිකඩ වෙත යොමු කරමින් පවතී.,எல்லாம் தயாராக உள்ளது - உங்கள் சுயவிவரத்திற்கு அழைத்துச் செல்கிறோம்.,,
web  (staff portal),verifyEmail.errorTitle,Verification failed,සත්‍යාපනය අසාර්ථක විය,சரிபார்ப்பு தோல்வியடைந்தது,,
web  (staff portal),verifyEmail.errorBody,This link is invalid or has expired.,මෙම සබැඳිය වලංගු නොවේ හෝ කල් ඉකුත් වී ඇත.,இந்த இணைப்பு செல்லுபடியாகாது அல்லது காலாவதியாகிவிட்டது.,,
web  (staff portal),verifyEmail.resendLabel,Enter your email to request a new link,නව සබැඳියක් ඉල්ලා සිටීමට ඔබගේ විද්‍යුත් තැපෑල ඇතුළත් කරන්න,புதிய இணைப்பைக் கோர உங்கள் மின்னஞ்சலை உள்ளிடவும்,,
web  (staff portal),verifyEmail.resendButton,Send new link,නව සබැඳිය යවන්න,புதிய இணைப்பை அனுப்பவும்,,
web  (staff portal),verifyEmail.resendSent,"If an account with this email exists and is not yet verified, a new link has been sent.","මෙම විද්‍යුත් තැපෑල සහිත ගිණුමක් පවතින අතර එය තවමත් සත්‍යාපනය කර නොමැති නම්, නව සබැඳියක් යවා ඇත.","இந்த மின்னஞ்சலுடன் ஒரு கணக்கு இருந்து, அது இன்னும் சரிபார்க்கப்படவில்லை என்றால், புதிய இணைப்பு அனுப்பப்பட்டுள்ளது.",,
web  (staff portal),verifyEmail.backToLogin,Back to sign in,පුරනය වීමට ආපසු යන්න,உள்நுழைவுக்குத் திரும்பவும்,,
web  (staff portal),myProfile.title,My registration,මගේ ලියාපදිංචිය,எனது பதிவு,,
web  (staff portal),myProfile.submitButton,Submit registration,ලියාපදිංචිය ඉදිරිපත් කරන්න,பதிவைச் சமர்ப்பிக்கவும்,,
web  (staff portal),myProfile.draftNotice,"Complete the steps below, then submit your registration for review.","පහත පියවර සම්පූර්ණ කර, ඔබගේ ලියාපදිංචිය සමාලෝචනය සඳහා ඉදිරිපත් කරන්න.","கீழே உள்ள படிகளை முடித்து, உங்கள் பதிவை மதிப்பாய்வுக்காகச் சமர்ப்பிக்கவும்.",,
web  (staff portal),myProfile.afterSubmitNotice,Your registration is being reviewed. You can still update your details and documents below.,ඔබගේ ලියාපදිංචිය සමාලෝචනය කරමින් පවතී. ඔබට පහත විස්තර සහ ලේඛන තවදුරටත් යාවත්කාලීන කළ හැකිය.,உங்கள் பதிவு மதிப்பாய்வு செய்யப்படுகிறது. கீழே உள்ள உங்கள் விவரங்களையும் ஆவணங்களையும் இன்னும் புதுப்பிக்கலாம்.,,
web  (staff portal),myProfile.submitted,Registration submitted for review.,ලියාපදිංචිය සමාලෝචනය සඳහා ඉදිරිපත් කරන ලදී.,பதிவு மதிப்பாய்வுக்காகச் சமர்ப்பிக்கப்பட்டது.,,
web  (staff portal),myProfile.skills,Skills,Skills,Skills,,
web  (staff portal),myProfile.languages,Languages,Languages,Languages,,
web  (staff portal),myProfile.documentsOnFile,Documents on file,Documents on file,Documents on file,,
web  (staff portal),personalInfo.fields.fullName,Full name,සම්පූර්ණ නම,முழுப் பெயர்,,
web  (staff portal),personalInfo.fields.permanentAddress,Permanent address,ස්ථිර ලිපිනය,நிரந்தர முகவரி,,
web  (staff portal),personalInfo.fields.nic,NIC,ජාතික හැඳුනුම්පත් අංකය,தேசிய அடையாள அட்டை எண்,,
web  (staff portal),personalInfo.fields.passportNumber,Passport number,ගමන් බලපත්‍ර අංකය,கடவுச்சீட்டு எண்,,
web  (staff portal),personalInfo.fields.dateOfBirth,Date of birth,උපන් දිනය,பிறந்த தேதி,,
web  (staff portal),personalInfo.fields.gender,Gender,ස්ත්‍රී පුරුෂ භාවය,பாலினம்,,
web  (staff portal),personalInfo.fields.civilStatus,Civil status,විවාහක තත්ත්වය,திருமண நிலை,,
web  (staff portal),personalInfo.fields.heightIn,Height (in),උස (අයින්),உயரம் (இன்ச்),,
web  (staff portal),personalInfo.fields.weightKg,Weight (kg),බර (කි.ග්‍රෑ.),எடை (கி.கி.),,
web  (staff portal),personalInfo.fields.primaryPhone,Primary phone,ප්‍රධාන දුරකථන අංකය,முதன்மை தொலைபேசி,,
web  (staff portal),personalInfo.fields.secondaryPhone,Secondary phone,ද්විතීයික දුරකථන අංකය,இரண்டாம் நிலை தொலைபேசி,,
web  (staff portal),personalInfo.fields.emergencyContactName,Emergency contact name,හදිසියකදී දැනුම්දියයුතු පුද්ගලයා,அவசர தொடர்பு நபரின் பெயர்,,
web  (staff portal),personalInfo.fields.emergencyContactNumber,Emergency contact number,හදිසියකදී දැනුම්දියයුතු අංකය,அவசர தொடர்பு எண்,,
web  (staff portal),personalInfo.fields.emergencyContactRelationship,Emergency contact relationship,ඉහත අය සමඟ ඇති සම්බන්දතාවය,அவசர தொடர்பு நபருடனான உறவு,,
web  (staff portal),personalInfo.fields.policeDivision,Police division,පොලිස් කොට්ඨාසය,காவல் பிரிவு,,
web  (staff portal),personalInfo.fields.policeStation,Police station,පොලිස් ස්ථානය,காவல் நிலையம்,,
web  (staff portal),personalInfo.fields.district,District,දිස්ත්‍රික්කය,மாகாணம்,,
web  (staff portal),personalInfo.fields.city,City,නගරය,நகரம்,,
web  (staff portal),personalInfo.fields.postalCode,Postal code,තැපෑල අංකය,தாள் எண்,,
web  (staff portal),personalInfo.validation.fullName.required,Full name is required,සම්පූර්ණ නම අවශ්‍යයි,முழுப் பெயர் தேவை,,
web  (staff portal),personalInfo.validation.fullName.invalid,Enter a full name of at least 2 characters,අක්ෂර 2ක් තරම් සම්පූර්ණ නමක් ඇතුළත් කරන්න,குறைந்தது 2 எழுத்துகளைக் கொண்ட முழுப் பெயரை உள்ளிடவும்,,
web  (staff portal),personalInfo.validation.permanentAddress.required,Permanent address is required,ස්ථිර ලිපිනය අවශ්‍යයි,நிரந்தர முகவரி தேவை,,
web  (staff portal),personalInfo.validation.permanentAddress.invalid,Enter an address of at least 5 characters,අක්ෂර 5ක් තරම් ලිපිනයක් ඇතුළත් කරන්න,குறைந்தது 5 எழுத்துகளைக் கொண்ட முகவரியை உள்ளிடவும்,,
web  (staff portal),personalInfo.validation.dateOfBirth.required,Date of birth is required,උපන් දිනය අවශ්‍යයි,பிறந்த தேதி தேவை,,
web  (staff portal),personalInfo.validation.gender.required,Gender is required,ස්ත්‍රී පුරුෂ භාවය අවශ්‍යයි,பாலினம் தேவை,,
web  (staff portal),personalInfo.validation.civilStatus.required,Civil status is required,විවාහක තත්ත්වය අවශ්‍යයි,திருமண நிலை தேவை,,
web  (staff portal),personalInfo.validation.primaryPhone.required,Primary phone is required,ප්‍රධාන දුරකථන අංකය අවශ්‍යයි,முதன்மை தொலைபேசி தேவை,,
web  (staff portal),personalInfo.validation.primaryPhone.invalid,Enter a valid phone number with at least 9 digits,අංක 9ක් තරම් වලංගු දුරකථන අංකයක් ඇතුළත් කරන්න,குறைந்தது 9 இலக்கங்களைக் கொண்ட செல்லுபடியான தொலைபேசி எண்ணை உள்ளிடவும்,,
web  (staff portal),personalInfo.validation.emergencyContactName.required,Emergency contact name is required,හදිසියකදී දැනුම්දියයුතු පුද්ගලයාගේ නම අවශ්‍යයි,அவசர தொடர்பு நபரின் பெயர் தேவை,,
web  (staff portal),personalInfo.validation.emergencyContactName.invalid,Enter a name of at least 2 characters,අක්ෂර 2ක් තරම් නමක් ඇතුළත් කරන්න,குறைந்தது 2 எழுத்துகளைக் கொண்ட பெயரை உள்ளிடவும்,,
web  (staff portal),personalInfo.validation.emergencyContactNumber.required,Emergency contact number is required,හදිසියකදී දැනුම්දියයුතු අංකය අවශ්‍යයි,அவசர தொடர்பு எண் தேவை,,
web  (staff portal),personalInfo.validation.emergencyContactNumber.invalid,Enter a valid phone number with at least 9 digits,අංක 9ක් තරම් වලංගු දුරකථන අංකයක් ඇතුළත් කරන්න,குறைந்தது 9 இலக்கங்களைக் கொண்ட செல்லுபடியான தொலைபேசி எண்ணை உள்ளிடவும்,,
web  (staff portal),personalInfo.validation.emergencyContactRelationship.required,Relationship to this contact is required,මෙම අය සමඟ ඇති සම්බන්දතාවය අවශ්‍යයි,அவசர தொடர்பு நபருடனான உறவு தேவை,,
web  (staff portal),personalInfo.validation.emergencyContactRelationship.invalid,Describe how you are related to this contact,ඔබට මෙම අය සමඟ ඇති සම්බන්දතාවය කෙටියෙන් විස්තර කරන්න,இந்த நபருடன் உங்களுக்குள்ள உறவைச் சுருக்கமாக விவரிக்கவும்,,
web  (staff portal),personalInfo.validation.district.required,District is required,දිස්ත්‍රික්කය අවශ්‍යයි,மாகாணம் தேவை,,
web  (staff portal),personalInfo.validation.city.required,City is required,නගරය අවශ්‍යයි,நகரம் தேவை,,
web  (staff portal),personalInfo.validation.postalCode.required,Postal code is required,තැපෑල අංකය අවශ්‍යයි,தாள் எண் தேவை,,
web  (staff portal),personalInfo.options.select,Select,තෝරන්න,தேர்ந்தெடுக்கவும்,,
web  (staff portal),personalInfo.options.gender.MALE,Male,පිරිමි,ஆண்,,
web  (staff portal),personalInfo.options.gender.FEMALE,Female,ගැහැණු,பெண்,,
web  (staff portal),personalInfo.options.gender.OTHER,Other,වෙනත්,வேறு,,
web  (staff portal),personalInfo.options.civilStatus.SINGLE,Single,අවිවාහක,திருமணமாகாதவர்,,
web  (staff portal),personalInfo.options.civilStatus.MARRIED,Married,විවාහක,திருமணமானவர்,,
web  (staff portal),personalInfo.options.civilStatus.DIVORCED,Divorced,දික්කසාද වූ,விவாகரத்து பெற்றவர்,,
web  (staff portal),personalInfo.options.civilStatus.WIDOWED,Widowed,වැන්දඹු,விதவை/விதவர்,,
web  (staff portal),personalInfo.options.civilStatus.OTHER,Other,වෙනත්,வேறு,,
web  (staff portal),healthInfo.title,Caregiver health information,සාත්තු සේවකයෙකුගේ සෞඛ්‍ය තොරතුරු,பராமரிப்பாளர் சுகாதார தகவல்கள்,,
web  (staff portal),healthInfo.diabetes,Diabetes,මීනිය,மீனி,,
web  (staff portal),healthInfo.highBloodPressure,High blood pressure,ඉහළ විදුර සීමාව,உயர்ந்த இரைப்பை அழகு,,
web  (staff portal),healthInfo.physicalAbilityToLift,Able to physically lift patients,රෝහල් උසස් කළ හැකිබ,நோயாளிகளை உயர்த்த முடியும்,,
web  (staff portal),healthInfo.surgicalHistory,Surgical history,සුජිවරණ ඉතිහැසිම,வெட்கமடையல் வரலாறு,,
web  (staff portal),healthInfo.mentalHealth,Mental health notes,මානසික සෞඛ්‍ය නිරීක්ෂණ,மன சுகாதார குறிப்புகள்,,
web  (staff portal),healthInfo.otherNotes,Other notes,වෙනත් නිරීක්ෂණ,மற்ற குறிப்புகள்,,
web  (staff portal),healthInfo.edit,Edit health information,සෞඛ්‍ය තොරතුරු සංස්කරණය,சுகாதார தகவல்களை தொகுதி,,
web  (staff portal),healthInfo.save,Save health information,සෞඛ්‍ය තොරතුරු සුරකින්න,சுகாதார தகவல்களை சேமிக்கவும்,,
web  (staff portal),healthInfo.cancel,Cancel,අවලංගු කරන්න,ரத்து செய்யவும்,,
web  (staff portal),healthInfo.yes,Yes,ඔව්,ஆம்,,
web  (staff portal),healthInfo.no,No,නැත,இல்லை,,
web  (staff portal),healthInfo.placeholder.surgicalHistory,Enter surgical history,සුජිවරණ ඉතිහැසිම ප්‍රවේසන්න,வெட்கமடையல் வரலாறு உள்ளிடுக,,
web  (staff portal),healthInfo.placeholder.mentalHealth,Enter mental health notes,මානසික සෞඛ්‍ය නිරීක්ෂණ ප්‍රවේසන්න,மன சுகாதார குறிப்புகள் உள்ளிடுக,,
web  (staff portal),healthInfo.placeholder.otherNotes,Enter other notes,වෙනත් නිරීක්ෂණ ප්‍රවේසන්න,மற்ற குறிப்புகள் உள்ளிடுக,,
web  (staff portal),users.title,Users,පරිශීලකයින්,பயனர்கள்,,
web  (staff portal),users.subtitle,"Manage staff, verifier and admin accounts.","කාර්ය මණ්ඩල, තහවුරු කරන්නන් සහ පරිපාලක ගිණුම් කළමනාකරණය කරන්න.","பணியாளர், சரிபார்ப்பாளர் மற்றும் நிர்வாக கணக்குகளை நிர்வகிக்கவும்.",,
web  (staff portal),users.addNew,Add user,පරිශීලකයෙකු එකතු කරන්න,பயனரைச் சேர்க்கவும்,,
web  (staff portal),users.search,Search users...,පරිශීලකයින් සොයන්න...,பயனர்களைத் தேடுங்கள்...,,
web  (staff portal),users.empty,No users yet.,තවම පරිශීලකයින් නැත.,இன்னும் பயனர்கள் இல்லை.,,
web  (staff portal),users.never,Never,කිසි විටෙක නැත,ஒருபோதும் இல்லை,,
web  (staff portal),users.table.name,Name,නම,பெயர்,,
web  (staff portal),users.table.email,Email,විද්‍යුත් තැපෑල,மின்னஞ்சல்,,
web  (staff portal),users.table.role,Role,භූමිකාව,பங்கு,,
web  (staff portal),users.table.status,Status,තත්ත්වය,நிலை,,
web  (staff portal),users.table.lastLogin,Last login,අවසන් පිවිසුම,கடைசி உள்நுழைவு,,
web  (staff portal),users.table.actions,Actions,ක්‍රියා,செயல்கள்,,
web  (staff portal),users.role.ADMIN,Admin,පරිපාලක,நிர்வாகி,,
web  (staff portal),users.role.STAFF,Staff,කාර්ය මණ්ඩලය,பணியாளர்,,
web  (staff portal),users.role.VERIFIER,Verifier,තහවුරු කරන්නා,சரிபார்ப்பாளர்,,
web  (staff portal),users.status.active,Active,සක්‍රීයයි,செயலில்,,
web  (staff portal),users.status.inactive,Inactive,අක්‍රීයයි,செயலற்றது,,
web  (staff portal),users.actions.edit,Edit,සංස්කරණය,திருத்து,,
web  (staff portal),users.actions.resetPassword,Reset password,මුරපදය යළි සකසන්න,கடவுச்சொல்லை மீட்டமை,,
web  (staff portal),users.actions.activate,Activate,සක්‍රීය කරන්න,செயல்படுத்து,,
web  (staff portal),users.actions.deactivate,Deactivate,අක්‍රීය කරන්න,செயலிழக்கச் செய்,,
web  (staff portal),users.actions.delete,Delete,මකන්න,நீக்கு,,
web  (staff portal),users.addTitle,Add user,පරිශීලකයෙකු එකතු කරන්න,பயனரைச் சேர்க்கவும்,,
web  (staff portal),users.editTitle,Edit user,පරිශීලකයා සංස්කරණය කරන්න,பயனரைத் திருத்தவும்,,
web  (staff portal),users.resetPasswordTitle,Reset password,මුරපදය යළි සකසන්න,கடவுச்சொல்லை மீட்டமை,,
web  (staff portal),users.resetPasswordBody,Set a new password for this account. They'll need to sign in again with it.,මෙම ගිණුම සඳහා නව මුරපදයක් සකසන්න. ඔවුන්ට එය සමඟ නැවත පිවිසිය යුතුය.,இந்தக் கணக்கிற்கு புதிய கடவுச்சொல்லை அமைக்கவும். அவர்கள் அதுடன் மீண்டும் உள்நுழைய வேண்டும்.,,
web  (staff portal),users.deleteTitle,Delete user,පරිශීලකයා මකන්න,பயனரை நீக்கு,,
web  (staff portal),users.confirmDelete,This permanently deletes the account and cannot be undone.,මෙය ගිණුම ස්ථිරවම මකා දමයි. මෙය අහෝසි කළ නොහැක.,"இது கணக்கை நிரந்தரமாக நீக்கும், இதை மீட்க முடியாது.",,
web  (staff portal),users.form.fullName,Full name,සම්පූර්ණ නම,முழு பெயர்,,
web  (staff portal),users.form.email,Email,විද්‍යුත් තැපෑල,மின்னஞ்சல்,,
web  (staff portal),users.form.password,Password,මුරපදය,கடவுச்சொல்,,
web  (staff portal),users.form.role,Role,භූමිකාව,பங்கு,,
web  (staff portal),users.form.newPassword,New password,නව මුරපදය,புதிய கடவுச்சொல்,,
web  (staff portal),users.you,you,ඔබ,நீங்கள்,,
web  (staff portal),changePassword.title,Change password,මුරපදය වෙනස් කරන්න,கடவுச்சொல்லை மாற்று,,
web  (staff portal),changePassword.currentPassword,Current password,වත්මන් මුරපදය,தற்போதைய கடவுச்சொல்,,
web  (staff portal),changePassword.newPassword,New password,නව මුරපදය,புதிய கடவுச்சொல்,,
web  (staff portal),changePassword.confirmPassword,Confirm new password,නව මුරපදය තහවුරු කරන්න,புதிய கடவுச்சொல்லை உறுதிப்படுத்தவும்,,
web  (staff portal),changePassword.mismatch,New password and confirmation don't match.,නව මුරපදය සහ තහවුරු කිරීම නොගැලපේ.,புதிய கடவுச்சொல் மற்றும் உறுதிப்படுத்தல் பொருந்தவில்லை.,,
web  (staff portal),changePassword.success,Password changed.,මුරපදය වෙනස් කරන ලදී.,கடவுச்சொல் மாற்றப்பட்டது.,,
web  (staff portal),whatsapp.unavailable,WhatsApp sign-in is not available right now. Please use your email address instead.,WhatsApp පිවිසුම දැනට ලබාගත නොහැක. කරුණාකර ඔබේ ඊමේල් ලිපිනය භාවිතා කරන්න.,WhatsApp உள்நுழைவு தற்போது கிடைக்கவில்லை. தயவுசெய்து உங்கள் மின்னஞ்சல் முகவரியைப் பயன்படுத்தவும்.,,
web  (staff portal),whatsapp.login.title,Sign in with WhatsApp,WhatsApp මගින් පිවිසෙන්න,WhatsApp மூலம் உள்நுழையவும்,,
web  (staff portal),whatsapp.login.subtitle,We'll send a one-time code to your WhatsApp number,ඔබේ WhatsApp අංකයට එක්-වරක් කේතයක් එවනු ඇත,உங்கள் WhatsApp எண்ணுக்கு ஒருமுறை பயன்படுத்தும் குறியீடு அனுப்பப்படும்,,
web  (staff portal),whatsapp.login.phone,WhatsApp number,WhatsApp අංකය,WhatsApp எண்,,
web  (staff portal),whatsapp.login.phoneHint,e.g. 0771234567 or +94771234567,උදා: 0771234567 හෝ +94771234567,எ.கா: 0771234567 அல்லது +94771234567,,
web  (staff portal),whatsapp.login.sendCode,Send code,කේතය එවන්න,குறியீட்டை அனுப்பு,,
web  (staff portal),whatsapp.login.error,Could not send the code. Please try again.,කේතය එවීමට නොහැකි විය. කරුණාකර නැවත උත්සාහ කරන්න.,குறியீட்டை அனுப்ப முடியவில்லை. மீண்டும் முயற்சிக்கவும்.,,
web  (staff portal),whatsapp.login.lostAccess,Lost access to your account?,ගිණුමට ප්‍රවේශය අහිමි වුණාද?,உங்கள் கணக்கிற்கான அணுகலை இழந்துவிட்டீர்களா?,,
web  (staff portal),whatsapp.login.backToWhatsapp,Back to WhatsApp sign-in,WhatsApp පිවිසුමට ආපසු,WhatsApp உள்நுழைவுக்குத் திரும்பு,,
web  (staff portal),whatsapp.login.useEmail,Sign in with email instead,ඒ වෙනුවට ඊමේල් මගින් පිවිසෙන්න,அதற்குப் பதிலாக மின்னஞ்சல் மூலம் உள்நுழையவும்,,
web  (staff portal),whatsapp.login.noEmail,No email address?,ඊමේල් ලිපිනයක් නැද්ද?,மின்னஞ்சல் முகவரி இல்லையா?,,
web  (staff portal),whatsapp.login.useWhatsapp,Sign in with WhatsApp,WhatsApp මගින් පිවිසෙන්න,WhatsApp மூலம் உள்நுழையவும்,,
web  (staff portal),whatsapp.recover.title,Recover your account,ඔබේ ගිණුම යළි ලබාගන්න,உங்கள் கணக்கை மீட்டெடுக்கவும்,,
web  (staff portal),whatsapp.recover.subtitle,Verify your WhatsApp number to sign back in. Other devices will be signed out.,නැවත පිවිසීමට ඔබේ WhatsApp අංකය තහවුරු කරන්න. වෙනත් උපාංගවලින් ඔබ ඉවත් කෙරේ.,மீண்டும் உள்நுழைய உங்கள் WhatsApp எண்ணைச் சரிபார்க்கவும். பிற சாதனங்களிலிருந்து வெளியேற்றப்படுவீர்கள்.,,
web  (staff portal),whatsapp.register.title,Register with WhatsApp,WhatsApp මගින් ලියාපදිංචි වන්න,WhatsApp மூலம் பதிவு செய்யவும்,,
web  (staff portal),whatsapp.register.subtitle,No email address needed - verify your WhatsApp number instead,ඊමේල් ලිපිනයක් අවශ්‍ය නැත - ඒ වෙනුවට ඔබේ WhatsApp අංකය තහවුරු කරන්න,மின்னஞ்சல் முகவரி தேவையில்லை - அதற்குப் பதிலாக உங்கள் WhatsApp எண்ணைச் சரிபார்க்கவும்,,
web  (staff portal),whatsapp.register.number,WhatsApp number,WhatsApp අංකය,WhatsApp எண்,,
web  (staff portal),whatsapp.register.numberHint,We'll send a verification code to this number,මෙම අංකයට තහවුරු කිරීමේ කේතයක් එවනු ඇත,இந்த எண்ணுக்குச் சரிபார்ப்புக் குறியீடு அனுப்புவோம்,,
web  (staff portal),whatsapp.register.primaryPhoneHint,Primary phone is optional - your WhatsApp number is used if you leave it blank.,ප්‍රධාන දුරකථන අංකය විකල්පයකි - හිස්ව තැබුවහොත් ඔබේ WhatsApp අංකය භාවිතා වේ.,முதன்மை தொலைபேசி விருப்பத்திற்குரியது - காலியாக விட்டால் உங்கள் WhatsApp எண் பயன்படுத்தப்படும்.,,
web  (staff portal),whatsapp.register.submit,Register,ලියාපදිංචි වන්න,பதிவு செய்,,
web  (staff portal),whatsapp.register.error,Could not register. Please try again.,ලියාපදිංචි වීමට නොහැකි විය. කරුණාකර නැවත උත්සාහ කරන්න.,பதிவு செய்ய முடியவில்லை. மீண்டும் முயற்சிக்கவும்.,,
web  (staff portal),whatsapp.register.link,Register with WhatsApp,WhatsApp මගින් ලියාපදිංචි වන්න,WhatsApp மூலம் பதிவு செய்யவும்,,
web  (staff portal),whatsapp.register.noEmail,No email address?,ඊමේල් ලිපිනයක් නැද්ද?,மின்னஞ்சல் முகவரி இல்லையா?,,
web  (staff portal),whatsapp.register.useEmail,Register with email instead,ඒ වෙනුවට ඊමේල් මගින් ලියාපදිංචි වන්න,அதற்குப் பதிலாக மின்னஞ்சல் மூலம் பதிவு செய்யவும்,,
web  (staff portal),whatsapp.register.verifyTitle,Verify your WhatsApp number,ඔබේ WhatsApp අංකය තහවුරු කරන්න,உங்கள் WhatsApp எண்ணைச் சரிபார்க்கவும்,,
web  (staff portal),whatsapp.register.verifyBody,Your account has been created. Enter the code we sent to finish registering.,ඔබේ ගිණුම සාදා ඇත. ලියාපදිංචිය සම්පූර්ණ කිරීමට අපි එවූ කේතය ඇතුළත් කරන්න.,உங்கள் கணக்கு உருவாக்கப்பட்டது. பதிவை முடிக்க நாங்கள் அனுப்பிய குறியீட்டை உள்ளிடவும்.,,
web  (staff portal),whatsapp.register.regNumber,Registration number:,ලියාපදිංචි අංකය:,பதிவு எண்:,,
web  (staff portal),whatsapp.register.notSent,"We could not send the code just now. Use ""Send a new code"" below.","කේතය දැන් එවීමට නොහැකි විය. පහත ""නව කේතයක් එවන්න"" භාවිතා කරන්න.","குறியீட்டை இப்போது அனுப்ப முடியவில்லை. கீழே உள்ள ""புதிய குறியீட்டை அனுப்பு"" என்பதைப் பயன்படுத்தவும்.",,
web  (staff portal),whatsapp.register.validation.number.required,WhatsApp number is required,WhatsApp අංකය අවශ්‍යයි,WhatsApp எண் தேவை,,
web  (staff portal),whatsapp.register.validation.number.invalid,Enter a valid WhatsApp number,වලංගු WhatsApp අංකයක් ඇතුළත් කරන්න,செல்லுபடியான WhatsApp எண்ணை உள்ளிடவும்,,
web  (staff portal),whatsapp.otp.sentTo,Enter the code sent to,එවූ කේතය ඇතුළත් කරන්න:,அனுப்பப்பட்ட குறியீட்டை உள்ளிடவும்:,,
web  (staff portal),whatsapp.otp.code,Verification code,තහවුරු කිරීමේ කේතය,சரிபார்ப்புக் குறியீடு,,
web  (staff portal),whatsapp.otp.devCode,Development mode - code (not sent over WhatsApp),සංවර්ධන මාදිලිය - කේතය (WhatsApp මගින් නොයවයි),மேம்பாட்டு முறை - குறியீடு (WhatsApp வழியாக அனுப்பப்படவில்லை),,
web  (staff portal),whatsapp.otp.verify,Verify,තහවුරු කරන්න,சரிபார்,,
web  (staff portal),whatsapp.otp.error,That code didn't work. Please try again.,එම කේතය ක්‍රියා නොකළේය. කරුණාකර නැවත උත්සාහ කරන්න.,அந்தக் குறியீடு செயல்படவில்லை. மீண்டும் முயற்சிக்கவும்.,,
web  (staff portal),whatsapp.otp.resent,A new code has been requested.,නව කේතයක් ඉල්ලා ඇත.,புதிய குறியீடு கோரப்பட்டது.,,
web  (staff portal),whatsapp.otp.changeNumber,Change number,අංකය වෙනස් කරන්න,எண்ணை மாற்று,,
web  (staff portal),whatsapp.otp.resendIn,Send a new code in,නව කේතයක් එවිය හැක්කේ,புதிய குறியீட்டை அனுப்பலாம்:,,
web  (staff portal),whatsapp.otp.resend,Send a new code,නව කේතයක් එවන්න,புதிய குறியீட்டை அனுப்பு,,
web  (staff portal),whatsappAdmin.title,WhatsApp sign-in,WhatsApp පිවිසුම,WhatsApp உள்நுழைவு,,
web  (staff portal),whatsappAdmin.subtitle,Let caregivers and customers without an email address register and sign in with a WhatsApp code. Email sign-in is not affected.,ඊමේල් ලිපිනයක් නොමැති සත්කාරකයින්ට සහ පාරිභෝගිකයින්ට WhatsApp කේතයක් මගින් ලියාපදිංචි වීමට සහ පිවිසීමට ඉඩ දෙන්න. ඊමේල් පිවිසුමට බලපෑමක් නැත.,மின்னஞ்சல் முகவரி இல்லாத பராமரிப்பாளர்களும் வாடிக்கையாளர்களும் WhatsApp குறியீடு மூலம் பதிவுசெய்து உள்நுழைய அனுமதிக்கவும். மின்னஞ்சல் உள்நுழைவு பாதிக்கப்படாது.,,
web  (staff portal),whatsappAdmin.togglesTitle,Availability,ලබාගත හැකි බව,கிடைக்கும் தன்மை,,
web  (staff portal),whatsappAdmin.enabled,Enable WhatsApp sign-in,WhatsApp පිවිසුම සක්‍රීය කරන්න,WhatsApp உள்நுழைவை இயக்கு,,
web  (staff portal),whatsappAdmin.enabledHint,"Master switch. When off, no WhatsApp registration, login or recovery works.","ප්‍රධාන ස්විචය. අක්‍රීය විට WhatsApp ලියාපදිංචිය, පිවිසුම හෝ ගිණුම යළි ලබාගැනීම ක්‍රියා නොකරයි.","முதன்மை சுவிட்ச். அணைக்கப்பட்டால் WhatsApp பதிவு, உள்நுழைவு, கணக்கு மீட்பு எதுவும் செயல்படாது.",,
web  (staff portal),whatsappAdmin.caregivers,Caregivers,සත්කාරකයින්,பராமரிப்பாளர்கள்,,
web  (staff portal),whatsappAdmin.customers,Customers,පාරිභෝගිකයින්,வாடிக்கையாளர்கள்,,
web  (staff portal),whatsappAdmin.registration,New registrations,නව ලියාපදිංචි,புதிய பதிவுகள்,,
web  (staff portal),whatsappAdmin.registrationHint,Existing sign-ups can still be completed,දැනටමත් ආරම්භ කළ ලියාපදිංචි සම්පූර්ණ කළ හැක,ஏற்கனவே தொடங்கிய பதிவுகளை முடிக்கலாம்,,
web  (staff portal),whatsappAdmin.login,Login,පිවිසුම,உள்நுழைவு,,
web  (staff portal),whatsappAdmin.recovery,Account recovery,ගිණුම යළි ලබාගැනීම,கணக்கு மீட்பு,,
web  (staff portal),whatsappAdmin.deliveryTitle,Delivery,යැවීම,அனுப்புதல்,,
web  (staff portal),whatsappAdmin.provider,Provider,සපයන්නා,வழங்குநர்,,
web  (staff portal),whatsappAdmin.providerMeta,WhatsApp Business Cloud API (Meta),WhatsApp Business Cloud API (Meta),WhatsApp Business Cloud API (Meta),,
web  (staff portal),whatsappAdmin.providerConsole,Console (development only),කොන්සෝලය (සංවර්ධනය සඳහා පමණි),கன்சோல் (மேம்பாட்டுக்கு மட்டும்),,
web  (staff portal),whatsappAdmin.consoleHint,Codes are written to the server log and shown on screen instead of being sent. Not available in production.,කේත එවනවා වෙනුවට සේවාදායක ලොගයට ලියා තිරයේ පෙන්වයි. නිෂ්පාදනයේදී ලබාගත නොහැක.,குறியீடுகள் அனுப்பப்படாமல் சேவையக பதிவில் எழுதப்பட்டு திரையில் காட்டப்படும். உற்பத்தியில் கிடைக்காது.,,
web  (staff portal),whatsappAdmin.phoneNumberId,Phone number ID,දුරකථන අංක හැඳුනුම (Phone number ID),தொலைபேசி எண் ஐடி (Phone number ID),,
web  (staff portal),whatsappAdmin.businessAccountId,Business account ID,ව්‍යාපාරික ගිණුම් හැඳුනුම,வணிகக் கணக்கு ஐடி,,
web  (staff portal),whatsappAdmin.accessToken,Access token,ප්‍රවේශ ටෝකනය,அணுகல் டோக்கன்,,
web  (staff portal),whatsappAdmin.tokenKeep,leave blank to keep,තබාගැනීමට හිස්ව තබන්න,வைத்திருக்க காலியாக விடவும்,,
web  (staff portal),whatsappAdmin.tokenHint,Stored encrypted and never shown again after saving.,සංකේතනය කර ගබඩා කෙරේ; සුරැකීමෙන් පසු නැවත නොපෙන්වයි.,குறியாக்கம் செய்து சேமிக்கப்படும்; சேமித்த பிறகு மீண்டும் காட்டப்படாது.,,
web  (staff portal),whatsappAdmin.tokenRemove,Remove the stored token,ගබඩා කළ ටෝකනය ඉවත් කරන්න,சேமித்த டோக்கனை அகற்று,,
web  (staff portal),whatsappAdmin.apiBaseUrl,API base URL,API මූලික URL,API அடிப்படை URL,,
web  (staff portal),whatsappAdmin.apiVersion,API version,API අනුවාදය,API பதிப்பு,,
web  (staff portal),whatsappAdmin.templateTitle,Message template,පණිවිඩ ආකෘතිය,செய்தி வார்ப்புரு,,
web  (staff portal),whatsappAdmin.templateName,Template name,ආකෘතියේ නම,வார்ப்புருவின் பெயர்,,
web  (staff portal),whatsappAdmin.templateLanguage,Template language,ආකෘතියේ භාෂාව,வார்ப்புருவின் மொழி,,
web  (staff portal),whatsappAdmin.copyCode,"Template has a ""Copy code"" button","ආකෘතියේ ""කේතය පිටපත් කරන්න"" බොත්තමක් ඇත","வார்ப்புருவில் ""குறியீட்டை நகலெடு"" பொத்தான் உள்ளது",,
web  (staff portal),whatsappAdmin.templateHint,Use an approved WhatsApp authentication template that carries the code.,කේතය රැගෙන යන අනුමත WhatsApp සත්‍යාපන ආකෘතියක් භාවිතා කරන්න.,குறியீட்டைக் கொண்டு செல்லும் அங்கீகரிக்கப்பட்ட WhatsApp அங்கீகார வார்ப்புருவைப் பயன்படுத்தவும்.,,
web  (staff portal),whatsappAdmin.otpTitle,One-time codes,එක්-වරක් කේත,ஒருமுறை குறியீடுகள்,,
web  (staff portal),whatsappAdmin.otpLength,Code length (digits),කේතයේ දිග (ඉලක්කම්),குறியீட்டின் நீளம் (இலக்கங்கள்),,
web  (staff portal),whatsappAdmin.otpTtl,Code lifetime (seconds),කේතයේ වලංගු කාලය (තත්පර),குறியீட்டின் ஆயுள் (விநாடிகள்),,
web  (staff portal),whatsappAdmin.otpAttempts,Wrong attempts allowed,අවසර ඇති වැරදි උත්සාහ,அனுமதிக்கப்படும் தவறான முயற்சிகள்,,
web  (staff portal),whatsappAdmin.otpCooldown,Wait before resending (seconds),නැවත යැවීමට පෙර රැඳී සිටීම (තත්පර),மீண்டும் அனுப்பும் முன் காத்திருப்பு (விநாடிகள்),,
web  (staff portal),whatsappAdmin.otpPerHour,Codes per number per hour,පැයකට අංකයකට කේත,ஒரு எண்ணுக்கு மணிக்கு குறியீடுகள்,,
web  (staff portal),whatsappAdmin.countryCode,Default country code,පෙරනිමි රටේ කේතය,இயல்புநிலை நாட்டுக் குறியீடு,,
web  (staff portal),whatsappAdmin.countryCodeHint,"Digits only, e.g. 94. Applied to numbers written without a country code.","ඉලක්කම් පමණි, උදා: 94. රටේ කේතයක් නොමැතිව ලියූ අංකවලට යෙදේ.","இலக்கங்கள் மட்டும், எ.கா: 94. நாட்டுக் குறியீடு இல்லாமல் எழுதிய எண்களுக்குப் பொருந்தும்.",,
web  (staff portal),whatsappAdmin.saved,Saved,සුරකින ලදී,சேமிக்கப்பட்டது,,
web  (staff portal),whatsappAdmin.saveError,Something went wrong,යමක් වැරදී ඇත,ஏதோ தவறு நேர்ந்தது,,
web  (staff portal),whatsappAdmin.testTitle,Send a test message,පරීක්ෂණ පණිවිඩයක් යවන්න,சோதனைச் செய்தி அனுப்பு,,
web  (staff portal),whatsappAdmin.testHint,"Uses the saved settings to send a message, so you can check the credentials and template.",සුරැකූ සැකසුම් භාවිතයෙන් පණිවිඩයක් යවයි; එවිට ඔබට අක්තපත්‍ර සහ ආකෘතිය පරීක්ෂා කළ හැක.,சேமித்த அமைப்புகளைப் பயன்படுத்தி செய்தி அனுப்புகிறது; இதனால் சான்றுகளையும் வார்ப்புருவையும் சரிபார்க்கலாம்.,,
web  (staff portal),whatsappAdmin.testPhone,WhatsApp number,WhatsApp අංකය,WhatsApp எண்,,
web  (staff portal),whatsappAdmin.testSend,Send test,පරීක්ෂණය යවන්න,சோதனை அனுப்பு,,
web  (staff portal),whatsappAdmin.testSaveFirst,Save your changes before sending a test.,පරීක්ෂණයක් යැවීමට පෙර ඔබේ වෙනස්කම් සුරකින්න.,சோதனை அனுப்பும் முன் மாற்றங்களைச் சேமிக்கவும்.,,
web  (staff portal),brand.name,CareLink,CareLink,CareLink,,
web  (staff portal),notFound.title,Page not found,පිටුව හමු නොවීය,பக்கம் கிடைக்கவில்லை,,
web  (staff portal),notFound.body,That page doesn't exist or has moved.,එම පිටුව නොපවතී හෝ මාරු කරන ලදී.,அந்தப் பக்கம் இல்லை அல்லது நகர்த்தப்பட்டுள்ளது.,,
web  (staff portal),notFound.home,Go to dashboard,ඩැෂ්බෝර්ඩයට යන්න,டாஷ்போர்டுக்குச் செல்,,
web  (staff portal),notFound.public,Back to the CareLink site,CareLink අයිටයට ආපහු යන්න,CareLink தளத்திற்குத் திரும்பவும்,,
web  (staff portal),errorBoundary.title,Something went wrong,යමඊ දෝෂයක් සිදු විය,ஏதோ தவறு நடந்தது,,
web  (staff portal),errorBoundary.body,"This page hit an unexpected error. Try again, or go back.",මෙම පිටුවේ අනපේක්ෂිත දෝෂයක් ඇති විය. නැවත උත්සාහ කරන්න.,இந்தப் பக்கத்தில் எதிர்பார்க்க முடியாத பிழை ஏற்பட்டது. மீண்டும் முயற்சிக்கவும்.,,
web  (staff portal),errorBoundary.retry,Try again,නැවත උත්සාහ කරන්න,மீண்டும் முயற்சி,,
